customer_id,customer_unique_id,customer_zip_code_prefix,customer_city,customer_state
e3c7e245a96d7fa339fe6c16f8da4e90,79051ee5ee98c4bd6982e67e2e79dbcb,7847,franco da rocha,SP
79d1d82da7289f7cdd5f611d6c5df0af,a6bf63037fb9e3064d1f8fa4224df32d,20040,rio de janeiro,RJ
07cc6026f1fba9869ce6efc681fd190d,12bc33b0d41518a36034c53c10e37129,34000,nova lima,MG
93df0957b940e713f6615f72c9d0e76f,fa7b428394b88f4f3e244cd84163e81d,13214,jundiai,SP
1a8a7a0627b8eb850b3fc69d73867a08,efa5d4299e261e6d7f6cd7f94b5aa7ff,17700,osvaldo cruz,SP
054a61b5ef37f443a58664bdea26488e,4b3496d4740f8929ba830bb965b82891,15840,itajobi,SP
18cb5869ae95b1e2ab7b17760b9e97d0,53d1e66c7e220018ea348c52d02bc5a6,20560,rio de janeiro,RJ
11f4c7384d8debfbb64acf9c9a44bc95,5319364c457e14aa56350c44d314bff3,1407,sao paulo,SP
e093120ffd5c259e2decb4ff5266f0dd,81ec41f3b0c51a9df15c5957140686fa,13084,campinas,SP
95f5fe645df31a0190cb6354a603dcea,daddad443c8d1bd86fa6ea8395e69e82,30710,belo horizonte,MG
3dfc6e89a7989cc23be6f2db44ca2471,54dbeea15959123be194f779e0553566,42700,lauro de freitas,BA
78bebfa74709728a62d4a98efbde8ac0,fac8b5e914037fc2e2476783585f0769,65137,maioba,MA
ee8ee27bccc792f9be6a47c298ef0cd2,d3208883d734ac735915923d3cdc57a7,84990,arapoti,PR
e007ccb7fb0cf68447eb8258465d68c6,ae52fa61f27bd494a25bc4c101fa29d0,32670,betim,MG
f4eee7d403366b7c3262786e1e9a2823,f7acdf2975a3796447c80c839233e1fa,35695,igaratinga,MG
7e61519c3a9b622a4211588b43c03de8,214a6059c941ccf392c784770d0d566d,21625,rio de janeiro,RJ
5fb671249003c434b2f6221315c7bbef,23a92795bca68209a5d5680fc17fb221,49930,cedro de sao joao,SE
da650708e2f0b63796c04b0f05080902,feff605547c0afb8279c7278941a1b6a,30575,belo horizonte,MG
e78e95c694dc4c2aae6e6975bb58bd48,b7cc980888147c189d96a40756971585,6900,embu-guacu,SP
c79aa808ed234be97e83b033ca5789f6,16b11e0dc4569ae4199aa08ce4180652,20756,rio de janeiro,RJ
c5b0e8747809dbd77c33e961212674f4,ed023e1c2345f2703c7c14bca947e840,22010,rio de janeiro,RJ
503338c1b6e6a0cb8cd2f848c42c7207,1e47cd2641a8fe8a5f79370e62c62cfd,14020,ribeirao preto,SP
279b18bebb145265c6490f1de02cd947,2ad33e0c71ed7c9e41a44e185ae05581,4917,sao paulo,SP
1c0b212adf187d17ce8b977f1283eea9,d7836df5fb04a1e677a6d091e5a14380,9625,sao bernardo do campo,SP
6f7c8b3369dd1f736a77264ecd928a47,8b4870d5e710991db0eb07f29084b00f,37640,extrema,MG
cea436373ebc00f078516007dc42df58,7602f4c1c00cb2bd7247068e613b051c,3189,sao paulo,SP
bfc7e980a1b6d2e84bc6f304cfe3846f,2b952792a20f6076f6e7a9c6a27ade02,13250,itatiba,SP
511898aa78adbbc58e60ec449038d586,66f86a5f5a0dd55390b5db310e56e49f,11410,guaruja,SP
c093e1c8a74e5ed4ce0adce7cf77da4d,6b70136020a32e14815edce51eec933b,13274,valinhos,SP
49e9ce9506327183790c2ef50cb92f0b,ae9020d0cb721be3d5ce58bc144816de,4043,sao paulo,SP
6e8a9c87724e18b7e567193cdd3e4b45,8fe805d171f920bf0ae393368aad5316,69800,humaita,AM
2ce9a7ccf6ab4ee349e1c33c7fa92ebf,3571a96b59816e332c2f71c0665ed224,37950,sao sebastiao do paraiso,MG
9b36a43eca86ec3b4e78f95ae56e8fb5,298972c126f3216e1f72b7f732d62a74,37580,monte siao,MG
63a39a67c831b0394a3d19008b38aba4,80f9b06ba6c2a5251a889fc90e0c5339,9170,santo andre,SP
027b997d6d188683680b85d8395c6a9a,146d150a30a6b676706908054a09a17f,24435,sao goncalo,RJ
ed4bd9cbd2c8c350baeb7c093147553b,8b4cb7273a814b7134a41abd824b6485,93010,sao leopoldo,RS
0fc669535f55400d3bca501dbc60a5df,3f5917c6d394d7d1004842b25039a59e,65065,sao luis,MA
499cec095230909d69db703a919b2d22,cca476559e6413b7b27dae610ce4179f,30160,belo horizonte,MG
04d55ff9d3701dc37126c0d9690b405d,f8c1c61e15db294813a24ad5795a54dd,22795,rio de janeiro,RJ
cacb81c4dc25b485bb02073b02d40313,0eade64aaaa605ddb2d10cc87d83f0db,5615,sao paulo,SP
25943239ef2ecee5e700508aba214dc3,eb9962504782c185c94817fbf417dff7,32115,contagem,MG
99ef70ecdfc7f7d28ea4c3538df4e84b,f576e51994e6d8f3a81d99d9ede79795,13490,cordeiropolis,SP
867a30b253f86ae579d823ef53ad5ace,15e7db1a91796057bc202d9ac3495df0,18081,sorocaba,SP
00efd0bb67f3af4d73269668a6cc8b49,b63a0410273c4fbd9c54a639ce8bfdf8,12227,sao jose dos campos,SP
4e513a51bf088b776864a966b91fd79c,d33e6be4d4330badbc3d7adf96059e1d,31910,belo horizonte,MG
ab3965ddf332775d0dc7643474dfcbeb,6105d6220213dfa7110d14e2312c47e2,29960,conceicao da barra,ES
6ed977477908860b2d486259c0d5eb0b,cf78a9bb84d3893c1d378adb4a42fdf5,30710,belo horizonte,MG
5f91bcc2059ea3621ae1e319a74f90c8,aabfe4bed1559f2d0db606df41c670e5,34400,raposos,MG
9be907cf929fd53da43778102239bbaa,f8bbe7aad2046c42040bd68a76d3a3fc,79116,campo grande,MS
d6851a9cf4328debeddd2f63212ff9e2,9bff67cbd491a775eb1e262b778da4e6,2758,sao paulo,SP
8c4d6b0b94bdda396e839a02feeaff86,4b178eb199e27660d160db227734902b,11750,peruibe,SP
09678fa7223b533a073bdb09189826ae,5b806c2f8936274f896a37acb4d09a63,27281,volta redonda,RJ
3288ae263b202f45dc5d0468cc81a348,990b49a71a548dce2875bae04340bbf7,12580,roseira,SP
ac69761241fd49d49eaf17d92e602fd3,9c484b592be6888bb7af73463850f1c8,39185,sao goncalo do rio preto,MG
dd723c931e059fd21ee30dd8b1cf9870,16db7af84bbd87107028ec7f53569bcf,32600,betim,MG
4509553aaf1841a7fc2de7bc3cbaba73,8b3a246714d7e73eee1214efc27fa818,86160,porecatu,PR
281544d276e137e94ed0250eaec7756c,3cd20f67e0aaf8d82bfa52696dbb9223,18090,sorocaba,SP
9c30cbe98d8f27539ba2320a78963c2e,40aec69721944199a1fb9bde491d6d98,5303,sao paulo,SP
4bfd77e89f8aa644e6d2b7de26ebcde6,d37787c843194ae27d979d085958224e,72316,brasilia,DF
25c12681274a662fb98ea0eeef8405c2,50eacc6be7c87e8f8eebf09bf174f538,13060,campinas,SP
8b5444d8ffafc506f189fcfdf31204fa,ccfdd7a6b19a129c8fe7530b0e8cfeea,20071,rio de janeiro,RJ
4fa7e6404524c09c8580c0c8321e5d73,cad11c2ff6ad11e38a5fd8b8e2d079fd,4531,sao paulo,SP
1a2568d169d3dc81cebfcebbbb7cd9a0,41cfcfd72beebbc69ebf60dfec93c8bf,53407,paulista,PE
f2dd9d0abca9dcb1e49685231aa0843f,7056fe03064abab0742167e1369285dd,30285,belo horizonte,MG
fd5f007247569f77c57f685b8035241d,5cb9d1d6d7f74c1f1e31b28bf83a2a84,22795,rio de janeiro,RJ
67a994ef388769cac17749f83484f047,6b67862defc8f9e3f04a4ce5d3c35d7f,39402,montes claros,MG
a5b544d912be67044581a3890e6698d5,e17c5e546a7f8202925fea16b4d14741,25900,mage,RJ
43ea8f218eab9dfb67ad0142ddb4ae7b,a3efc07134342a5d8926a8ed1b508275,22210,rio de janeiro,RJ
2866e688a5dc459c904ea765cae01f75,1e7a2d6aa124d8f78af6e31b5e9cabad,87020,maringa,PR
6b74fa3521fe75edbeff9948022f13d1,ee3944b64a4a9207cf551a5fe12982d1,38550,coromandel,MG
06c6202200ef99b1568c228c9e373abc,bc495306b450cb8a30666dff4e362077,76916,presidente medici,RO
7aa14025568b31b93e538fcb0a6931b0,48680892805d48a4e6f5123eaea078db,15505,votuporanga,SP
c9f0c8d194842d8945de4d01fa98fb15,b8397f1c55e35a126a6b0bcbf2012748,9260,santo andre,SP
aaea8b0c58ccf12e787f33aefb1243e4,614a4f18d9031d4743c82752112d92a3,37704,pocos de caldas,MG
be34d8fc402cc78e2fd1dbb151e9ad00,2a2d6f3fcb7abba1230f06289718b0fd,71060,brasilia,DF
f9efa1e08ec36a3bd42cdeb68995af0b,81186688888d70a6d2f65677fe4bdcab,27963,macae,RJ
51a88ba8580d25bc1185deff1d221521,66f08e716d89321277d31af853632bad,2724,sao paulo,SP
d1684ed69f8fd574b7c344de923f379a,43860f86362fea12550bfa19ef73015f,38550,coromandel,MG
ee7c4ced04927410df4a3977fbe5e229,1ec820e535daa16788f5e30539db7428,45991,teixeira de freitas,BA
76fee7c59d7317435aef4230a46b23bd,a8e4a8d784c5a994b94dd2f368de5cf2,35300,caratinga,MG
4fd530fb0a2670c2016db3210471fc7d,2f228227554a06f96748919f0859c46b,95200,vacaria,RS
907847e3370637548e83352f8fca7d7b,92ac3d5a42b57c1441857a4b0bbfde64,88920,meleiro,SC
e3cce53d395f9c39230a95b77cee5595,9d7afc91cde0d8fcc392a26d8a343aad,30666,belo horizonte,MG
ef1daa31903ff74a9c78b083b006b249,75b22b823e3373d5599d16b8f7c5e742,3572,sao paulo,SP
55b310ca8e15aae5537a5a579e8f26ed,ea38ca2d5985fea5ff1c51a9ce4ed5d7,4520,sao paulo,SP
8ed3a953186a64ad090056ee27657038,025bc857299fac3e5c699322d2a1485d,4104,sao paulo,SP
f5294fd3bc349e076861698912675c2e,d8b67ce6d6c062269add92dd22e8cc94,41820,salvador,BA
c364f67e37eacbbc562be9a71889bc2a,ad89853e85080da06ed42f71c9800c04,83602,campo largo,PR
660c817af06c2d842014a12d5871c1f9,d89190fac424f73403381fd7ab645e05,5108,sao paulo,SP
2947a753b45ea10edd8861584073e202,8f4acbe11e84274fbf9731e8c5e1da46,6288,osasco,SP
daf9c315a3cccc94ac74f780fafcdeb7,80bff05b9ce184fe66fe49a8a2b2eac6,13231,campo limpo paulista,SP
c66395e32fb06d62ba3a31cd46456c2a,af80cd98f2dba639dc43b4e06bdbcdca,68500,maraba,PA
b4f485d5afa99fd25e4b31e4e1dfd52a,5b3571b50b2c2b9c3b50148047b4a8f5,71936,brasilia,DF
4683cd55eddaafa12fe03e637c5bf9c6,a900ff99a192cbaf6ae8e867a95117a3,6414,barueri,SP
08ba9d78fcb65b8297408608a3bc78b1,34f29b8ed62748c6b5a9e64628e411c1,13042,campinas,SP
1d432d596d225cc4fb606b6502c123ac,88da21ad308ca9bff370909f980da689,3660,sao paulo,SP
8a561b232448590a2c52fb35de87d5fd,03bd54f79495a5307846e047faba03d2,42807,camacari,BA
b3238c49535e70a13bc79e930519ba8a,cc8fd1385c01ba06ff6d2e32c0ee4fd2,76871,ariquemes,RO
485e5344b94b80fc5ed918cc14a7414e,2a658f1dceab1750b17286dbcdecdd02,4167,sao paulo,SP
269275e519181d7946ad8bd709584970,e2439c7b04c3500e7a4aa7a208e78f70,3430,sao paulo,SP
87e46784e51e259b907957c54c22cb5f,2d33bad29d9ecc797cf7ee8a8dd11a9d,72316,brasilia,DF
0ace2b9bd28eb550128cb036aef3c4db,fe4e64505d2a68284e44481fece7b807,26013,nova iguacu,RJ
1674724f5fe22d2cf3420bb5f2511c9a,fa094305fdb6062436c99adba7d53dde,74455,goiania,GO
fae23e689afbb8d92d69b409b4d2df7b,ca0d30b2dcc99f36d5a67b78fe05be30,18460,itarare,SP
f1cf46100438d0ef4e1916f2aef26718,63554d733e37ae21917372ed5635a0d4,23078,rio de janeiro,RJ
dba31fe3735e263a9032085c7fe3dd3d,6202f73cd1b4610ea5c025a1674f3300,18072,sorocaba,SP
9d4a655962c8a0878a1a58c3ecf7cd3c,0bd9702b6faa88ff1d9eb5e763cb84d5,36660,alem paraiba,MG
4a016ff232658b35fe0e4959e94cb0c9,630cc6a383e57335bcebbb18d7eaccd8,94170,gravatai,RS
28f35c0280cb2d277371b827981cd8c4,cc22ee560df02b4c4f088ac4233fa87d,12220,sao jose dos campos,SP
f253023c8f1e0fa8abc68b0180cf96a8,7cd148c92a7b9203793efe0844c45e52,95700,bento goncalves,RS
366b6bad3f0e22ec09924b4ec6217229,a976f7c2d2b94b9282ac9c869c56696f,13414,piracicaba,SP
80825fac1b288cd8a58c4ae40c66a821,71f26c982384a2828905080ed90b2993,25055,duque de caxias,RJ
7ebb11f7532296b859de28f65bb7970e,2a48ca33f22f3e81ab5bdc92972334eb,19014,presidente prudente,SP
54ad906d580b519997fe18d8420acdd1,f598ccdf77c6728c42c32ce9f8ae0e20,6401,barueri,SP
87a4ee899da050ef80de6de979521e12,b78b62961e25d84947c5cc89cecab2e2,81200,curitiba,PR
f778f02c91c3d2b58136d23ff663cc23,4d4d00884f3401e960f4650cc74bbf0e,41820,salvador,BA
b52f2910ff36fe94d5d1a2d96ac1ce43,4cd3aaaa1cb1242c5db6e823a28d0ea5,20090,rio de janeiro,RJ
f695a13f1a3cf82bf4868a4b2144d88b,473df5553bb37f3a97b00af2d2bd1e0f,11700,praia grande,SP
c5ec9e7825f8ec234b331113945cb5ef,4a87e667294a7e8c18a5656a3813e24a,28540,cordeiro,RJ
f8ece9a141740ea9b168b8065755d734,393f03cea71d333b1c13c3a1d0bea3a5,54430,jaboatao dos guararapes,PE
e16d90c4a9c27e82cf3fe238ec3ea836,5b47ada4d688a13c2cdc4639e332c272,2990,sao paulo,SP
f2964656a77f6f0b5b0db9acce8a863a,a1f3ef4dca76be294190831edcd88433,8558,poa,SP
a652f27bc38cb4869b7d5d82902c0b16,2c82b177d38aab12878490fd1658434e,83321,pinhais,PR
a14b17e55f117e4bf24cdd9d0e586c35,d71a769963b2c890c06e83cbed137a43,15500,votuporanga,SP
f34d9ce608a00ce18da66b40c54afdfe,383e742502eccf91e90662929acf9364,22250,rio de janeiro,RJ
5119c6d7557563be3a40507a5a90d1f0,01b7463b1d6850a0ddfb4a93e05d0671,15440,nova granada,SP
06a5618b8b0cf1846231580b7456fe09,d86352edd100c4767e9d896e5727c2ee,13872,sao joao da boa vista,SP
9cb517263961233b2a975d1381d03d54,8b9acf5374a2434add921e9ba72b720f,54410,jaboatao dos guararapes,PE
61398642b474ce5cdb1531eaac1b9f34,6b71b278a4b34793e593afe926bd0123,80010,curitiba,PR
1379bf3dfed62bdafce8d0bf4a6c2790,609fab92b67a067686dfd847faed075e,19041,presidente prudente,SP
3cdc8728a9467f9c870c5a6a924dad15,799641edfb6d813f9bb6f5a84cc14f79,89520,curitibanos,SC
e1da85c44ec16ca1c253fec643d257ab,42f1fdf511aeb359f56e375cae330892,30441,belo horizonte,MG
fb08ae08a633a43d908c5f80fdaa2667,308481e4d9aa836155ef7979dcfb2e3d,23595,rio de janeiro,RJ
38dfb762919427e7ebdb0acae542419e,a4f2ee695a7a41457bf3396d473b9de4,8140,sao paulo,SP
703cd2dc00359d094d521dfb00186250,b87461e6c2feb68b9124000ffe3a525f,55012,caruaru,PE
c15b48f4ecdff9e9e4096a33d656341f,d39cd67625ea9cd9b2ef7f9fc8861a83,35931,joao monlevade,MG
76f508e84443c4de1722b65fbbeedd6c,fc6d04d5e2bb63aa715be16175963c91,89256,jaragua do sul,SC
adaaa45dbbe7db528b046b5d85a75724,9a29de0495b3024340cc34a5c24539fd,32285,contagem,MG
212acdad47c7cfa84e2103b1a76c150f,b3c268871a609a6d4a63cc471b8cf074,35540,oliveira,MG
32158399285b7347046a6ab6d19331ca,1367e9f9abcd696769944650c18929c6,91910,porto alegre,RS
03e454af33e93cda33e1b22175ab8361,d05013504cc471a973af3e91dc6b52fe,22291,rio de janeiro,RJ
d7314e9d240737da330e0f83ac4bd257,0902b91d17bd2b9675664f8a4d6565c6,23067,rio de janeiro,RJ
4014f8100253a286ddb8b4594f862531,3d0a330980e19020b32ea78c631f2c60,45654,ilheus,BA
a688dfb397b2185b971dde35c385ec7a,e3bdae4caa79af1d0c1049d138fb4a72,11608,sao sebastiao,SP
e41024577c0be0553a143f9189d61862,c477eeb763c6b24fe733bd8d2ca39045,36016,juiz de fora,MG
71dd334c636c45c9b8da25979f0a6891,84ad62f33ddb6b13553a850fd3dc2b08,95780,montenegro,RS
92bed6da42dd27bb0dc2fe3a7ab8a18a,3bf92e7f2ae9ab83e9785e20c7313eb1,21921,rio de janeiro,RJ
75c822ccf568d44bb0a6066731ef9baf,f0b0eb2ecdbf5fb6b80ff673ebc5062f,74984,aparecida de goiania,GO
64c1209f6fae0cbe57bd7e39469506f4,64df076fb557552498049bb07ed1cd5f,22610,rio de janeiro,RJ
58c39b85579b280bb8c173de81749e7f,c9c7f143771017a9c61af26f7291f7a5,4636,sao paulo,SP
f5d36001e841dad8e3810fcdec2dda19,36d715a6f21202f0bd0acbc2c4a32509,90220,porto alegre,RS
b14de24553a648f6c1bf49e3f61e1056,024422409498157526b84fb4cf919ae3,13506,rio claro,SP
37bac99ac2045d59bf00c217cfd316cf,79230f727eebb5fefbf1f730c7fb036d,79051,campo grande,MS
c238e28ef2f7743e9224d4a7db9b9d3c,f34e5ee5a39e7b9f7424e31919f4e1d1,4607,sao paulo,SP
e2a1ab008932ae1211651ffb0cffe7ea,b35bbea722303bf6e700f2b67ed6a88e,19906,ourinhos,SP
d82cb629b7b1f624a52b434cf9dfaf69,fb1c0663db0cccc434a159961283b4fd,36420,ouro branco,MG
0cceca00fae637fe9d8eb79377d0da12,6be28ae15cd1e7b3f3f36ac483512822,95041,caxias do sul,RS
7214cb9a9251ade0ba75fda90e285b58,b2c10a20dc7be6c0df3715ad93805bdd,22260,rio de janeiro,RJ
7d4ebb5d17f45bb406048c8566bdc18b,31d13f2ca764748ae45a19c86f79611c,84050,ponta grossa,PR
a68d9bfdc7bad336fab0e1643f01a6d1,8676c0cd5b7c5ffaa5ba1bba22eb6946,3572,sao paulo,SP
dfa8a1b565b79938d84942f83d88a2f7,630331e73a79ae9a2ba821bd326ea298,88850,forquilhinha,SC
995c452b5846644306763c4476249918,6fdea157b64e36e7d70e7c4676e093fb,25710,petropolis,RJ
2aa1e475f2f967d335c870bdffa88d7e,655db3d56ba076f60122bf9f4268310b,3166,sao paulo,SP
9fc1053dea33f83500092870a9db0900,0cebf50fb2514aee074ba5b33840dbed,28915,cabo frio,RJ
a2d2d6b21bf7c4a1f2e5156e43258eaa,d7d8a56a3f33816ae339683ca6968bff,22611,rio de janeiro,RJ
935448b17a181ad9f8eb610ec42a8962,394391ce4d5b417327cad7641c061d07,54450,jaboatao dos guararapes,PE
b08ebb17618be48b7695500b639e1a50,9be479d9033b8987a64ec383679520e8,6236,osasco,SP
c12ac6df65e8fd67ae26f138e91aa0e0,4f3b9b59f38f5f7203e462406b8fe320,35995,sao domingos do prata,MG
39e5fadcd944a8fdf11b3654e7413d0e,8dbbec2146fc038f00dd3819239dcaf6,36301,sao joao del rei,MG
553116a8650fecf9e64790c28a2aa2ae,a8e6d4ba769ab68e10b78899cd62777c,23970,paraty,RJ
196568a17e905501e428b29ca61042cf,df569c11f683341b1700e5fb24b76416,3184,sao paulo,SP
e45233d12353c37d9a47b0e9d1416ab1,60407605c43a0ff96a026b72b9369e24,3270,sao paulo,SP
e32a0bbb991b6d310e3f70e6e5526807,9830a2d445d4ba86c9347a158aeb7920,14180,pontal,SP
7f8d90a7ede6e6e0df5f3dc68510e1de,88b0e78122cb9c9ba7d9048eb23fdf72,40375,salvador,BA
9cb4c350f711bffc912233f1ee5c8767,993800e18503bae9602c3e67b44742bc,62940,morada nova,CE
aa33af07fac4c5c49b0f8d493a932e0b,378706457855d2e06f8f62a2066b8b82,6767,taboao da serra,SP
9756f047557b34c039fa402a19c13975,3dc5a2b71fe656bd7e11074cfdcb5469,3256,sao paulo,SP
63070e4e96e9d1d514fa14fe39ff5ded,bca5c3beca846fabb85a0b4e7d68c3fb,78320,juina,MT
9f5d8c4f6c4ca201d03d3a9d50704f9a,7ae0e594289824e46584dbdd1aec993d,39900,almenara,MG
030770361597328c6dfeffc197915bcc,d44808933847889cc2267526e680bae6,41250,salvador,BA
5dcacec261f9a2d9b142342791ca9410,50afcaffb2feb156594d6535f31e1259,9623,sao bernardo do campo,SP
0df9b193d9b7e6d45c62568d24f672a8,e9e9aa9ebf0957826090f74c9f5fd4e4,11702,praia grande,SP
c4ed2755f23f173426fcc47decf4ebdc,176fa14df41f3c8f0daf93c00c4f6229,14960,novo horizonte,SP
2d42097081e700cc51db9476e4f077b8,e53fd5575f1418397aae732c5755b6fc,13467,americana,SP
f7c1fc6ee1c33862103af46259da9c1e,b83753cbd6fece26b5ce9a32267d2462,82120,curitiba,PR
8242a1cee3edc3b94095009410aa4118,5e732fcaff5c30c596874db41704415c,5415,sao paulo,SP
566b3728a85d64d9446ccc95dec63ad8,caa9b67231953f5fa8f8550fa8d70bb5,28695,papucaia,RJ
8289e9044e68003dfe33936c3c2c2799,f652abc552c8306a8bc86272a77ea5e8,20775,rio de janeiro,RJ
9a3cefd7682653a40d7301eed503fa8c,ae125deb6091835d2ccbe346cd573798,41815,salvador,BA
4274d726e175b67d5a1893ea0fa4e1a9,f152e6e63c0a4d7958c5a5ccc09d6206,55660,bezerros,PE
58550909176303c05f37a9f3a3e913cd,ad79377cfe4283dfba93ba8c545437af,94085,gravatai,RS
a71c238a73216055be790a966f67ab94,cf889b2eda044478e51f49a8818c8023,14750,pitangueiras,SP
2c234c3a0b7d6c725d30c619f1c08b98,9b6cc489e1c73e719d7af9b3f2bac4b4,28143,mussurepe,RJ
7d84bbeca5122dc5bde314dee413ac26,dec5217f924eab1dae338b9b54f53558,14960,novo horizonte,SP
97a0e2c05d5882609289a1816e234ba0,e983d6a5d6a92e29fcc48d7b42a6031e,13190,monte mor,SP
1b83beaaa59c8cdfe738f7ead2517da8,d69a93bce76b26886f72125e60b01cec,69040,manaus,AM
abcda364aa8588e2151e33d27268bcf6,2e07d40f17541120c82646b3ea44cd99,12506,guaratingueta,SP
326988df99f9234c5e2275cc63a7e584,83e5d975018708657e94e2fe58ab3d52,4125,sao paulo,SP
78affbe4e580defed5ce9cb8edb373de,d0edd7af8335ac12dcd77e17d7939fda,35500,divinopolis,MG
472ad05cd41139d69fc14f2093afceea,c0d6e6f74b853e71bd663ffe31dbd5fe,45028,vitoria da conquista,BA
bede1cbee8f403af59778ab6cbac2a21,a98d7b02cd57b82853e06125a7c8043d,19700,paraguacu paulista,SP
829bef4f2034240ba8baa923960704f5,14fbd0f5e5857af4b2b8f6062d7ca0be,66635,belem,PA
eb914f782da6a9bb3aeeabfd71c3966b,08ffe6a08d671b0f294897bd26b447f6,7716,caieiras,SP
1a161546abf4f4e01b7eec53e9310f8b,3e7f18e55d9ead445fe3b0f56110acfd,6162,osasco,SP
94766b73d520c1f6d97d480c9bd7900c,6a5f5052b4836fd5ccfc8593b47175e2,24914,marica,RJ
54b6f1f21ebb3358d8aff74164294c37,b897a4a1215a9e681cbe4f722132edb0,28860,casimiro de abreu,RJ
17605eaa42786601c59faea89bce41ce,48b60c703260cddbf33578e8cb8c8819,13561,sao carlos,SP
4ad7e384a9915942c0b8bd7eb448b6b3,e1b22883de52fb6e132faa3ca7ee3b5c,14270,santa rosa de viterbo,SP
9f6ea62fddf2ac05fb82db13aecc13fe,8d9df820b30602b5880994141adad70b,88110,sao jose,SC
f951ffae43ed0a3c09dcfb910e4c120b,632b6466e3d9ce93cd1067b1fcb6477d,17880,irapuru,SP
5cc7fa8a319ba6b10b41096f5f45a6e3,2a8c17d9d83c5064b3e8b4ac51c2d4cc,41750,salvador,BA
44c163ba5aaf3acd361440226d683c7d,4233e4ccb431064a07668aceca004f08,12236,sao jose dos campos,SP
0f6c860f19e5aa6c03102b0b7d835e2f,50d9a8ff2572dece4cbccc90c2d106be,37165,campo do meio,MG
150af294754bba42dcb29e19b7e09c19,a6ef2fd34e5aff7af9811d857e97fa3b,24240,niteroi,RJ
2b7ae7a532ff538ce88f6bfdd2cb564c,f755e02e22f99b9e1658cbd2186a212d,80040,curitiba,PR
ef6ca09e06b51bda93c1018d193441a4,44818fa3dcd6d8a6942103f91706dbc1,14179,sertaozinho,SP
be14f9b446135f0def08472c7be6c2c9,910ee72b8012e94d1bf3f1f9860796f3,29154,cariacica,ES
c7b0b905d25e2a24f93a9c23bd4e569d,8b4195dc5c53143d0ca2a6001943bbf5,94198,gravatai,RS
ccae8f97bb03a9257e3abbb5baf17a1e,7b7f2abc7254900b25a419804ba82a30,5273,sao paulo,SP
61574bd1bc8408825d5d4293093e9676,e8483e60474d65f883faaed50a031572,6162,osasco,SP
daee9ceb68799b045600899b74629ee4,cc325e9b074bc941ca5cf18c2787559d,36301,sao joao del rei,MG
bc957b02880a599d6ac599b4d2a4bfde,b3dbff0a3bad07d6203e80ead5de3b4e,14660,sales oliveira,SP
dcc28aa0d26b98f8c3d4d1e338fb05ac,9ac3c0274eb2380d2812edf6752c15ae,96530,paraiso do sul,RS
86449fa8124082cf35a0555fc351f631,0b22bdc11a543726e030cfb5ea5757c6,48605,paulo afonso,BA
5036f826fada2fdba151a9112545e883,a132c0c285d1c5edaeb7180877baeab5,93546,novo hamburgo,RS
fd129ee6af6e2c7043f8029e814a7ad9,6349ef91b6fd64652c8dab6fda20c2ee,65048,sao luis,MA
a8c58a2803895dbfa679c57766ad69c4,b7bb435d908328e2ce343fb77bb88a74,70878,brasilia,DF
0861d5de0f6df826e07bcd0e0d6a42d6,63e8fedccd20496b627fed7b76f35648,14026,ribeirao preto,SP
62c11d5a0b49aaf81297d26b0bd9fb8f,a86e7932474e3d1beab035cc165f9302,29147,cariacica,ES
4b2d305d5283dfc3fe60493756827c6e,e3a11fc8ef6c9031128e14bb52d2d7cb,40301,salvador,BA
6ba6e5bf30ec197d1fefdebdc67ffa21,56ef38dd6b65ff1e35b5968a1ddf7484,88215,bombinhas,SC
1f04655ec759bb5e1eaa3abd2ddae1a2,31de4c2abfc75a9f4240104be74b343c,24240,niteroi,RJ
2d428f584e3f831f770a1de54a30532f,4b40660875a458c6f8530b2a2255794b,1141,sao paulo,SP
0971e7340c57e772a442f0f319161c7a,953514c82635bd8455f73c54418c866e,36985,chale,MG
5ab62b3d36877984de860550576f4696,fd17142aa5e36a4021ebc94e9d9b63ff,4726,sao paulo,SP
56a914c4b8d40096b2b7074f4c2f62ec,5d554d2d44fe0ab8b51c262db7de2cff,6050,osasco,SP
a8cf5e4ad3d3c90e47518a21b0b600f9,d5a4d3f6a9aafad00857d4dda28f98c8,84165,castro,PR
e506103f74807102963d7f0d9f1860c6,a3afc06892f8e42c972e6460125115e0,11900,registro,SP
4b7cc6a668f938434efccce03496ea7c,1306eafdc870ba8962c7a883bacc081b,98700,ijui,RS
7b8965a4cad877c5c7e3a07f7ded23d0,395423c0bff54c975a8a01cd41f1339a,79840,dourados,MS
54d0b980a4148a4392bef1bbe34b91dc,24ac33e321c2e3c0b096f1d72657d45f,70737,brasilia,DF
69fed80679956179027ec3b2df9620a1,a8600e0beda4face16b2425a76e1ffab,85501,pato branco,PR
23982a817b35161e034f66e8dabadbd3,fc4a4bf80d30dba464c23fe130adef97,79820,dourados,MS
557a197892a569cc513f0f016a7932d9,5fbd187e2b87c72593ed5c8a498a928a,96211,rio grande,RS
01e5e7553c95f21eda0aaf0da6e0e4d1,02da4d32a2cf298f82d850d77481da0c,8710,mogi das cruzes,SP
b8c060a4856dc6ff0c09194202aeca51,19686aa007d6af36f81f07c3c508ecff,7031,guarulhos,SP
cfb31cf06d63891740828cff66ceb63d,3ad42cb7c2500e5a5f55b8cb04fd1d02,6528,santana de parnaiba,SP
3e1180884767238f00a30b9bc529783d,7038565fb9bd5d66ded7e16c7ce02461,72450,brasilia,DF
6b7021aa2622618c2a5fe9639f8282d2,615090ca899dcd8385b019b4092c57cf,64018,teresina,PI
2e0bb6cf1ae6611a52cf0db0e85295a4,3e6658866cc636c1762c080ed56f44e6,91250,porto alegre,RS
c3efc16af56a84e93d5f2356aec092ec,d839e989a9a3fd4fe2995a58dc5d9c6f,48010,alagoinhas,BA
be18603bce09d123fbcb26af9ec069c5,bd250672128c616edcc1cb6d7cdbd197,3449,sao paulo,SP
3e72dabf2c10a14d047233a3823ddce1,23896bdc733fd3499952f52a390a160f,9182,santo andre,SP
2cde5a202365766c4eeabc925e58225f,39c7f8c4e4552af113351a650816296c,83025,sao jose dos pinhais,PR
c7566e4988f02bd02e875d35d4ae4ac2,96442609daeda9b89a7cb0c9a2838db4,20070,rio de janeiro,RJ
e15ac927f77cc9a475ffa2d8b59920d8,95ba0c810391b873c01fe2a32b7cc858,5544,sao paulo,SP
38eec21ce5683a077b66e9167dc49b7f,33039d655ea25889c62ec979d89c1d60,5586,sao paulo,SP
ec88af0313a04a591597b79a08501f2d,9d5e4e0b8d8a62ad31df73c7b1d8e8c4,7178,guarulhos,SP
f253cdb921536ec2a9ff9a11cab13aea,f425cc47151eed2532879b2861b9b7c2,6246,osasco,SP
a4cb2c471ad7d5392d84612e57b562b7,dc9b4a8ab9ac5edc5a85963e5c9e4c14,11535,cubatao,SP
aa58d5e8a1d6cd547904e11ef30f1f9d,59d3e51fd478cdaf8a7d40e6ffe28edc,24808,itaborai,RJ
e5c572f3eee5a867a24d9e70b1f45c05,88649e41fbe394406a26172086142a12,72450,brasilia,DF
21831634eda702776bee4cbd95446d82,5588b32bc52ff9b4ab1731e4a2f6688f,13612,leme,SP
f5de3ded45b03e78f33c39028f77e21d,ae171525746b8e60fb722fa9d1ca3f4d,7145,guarulhos,SP
457947d8c467714d88bbf3c3b9080009,91df1bbce77c415000927ec0662d3bcc,21330,rio de janeiro,RJ
0a51c8dc5002bbeb689ecf79406d1463,0a03bcd725fb6d109ac5cffe3fe3556f,8143,sao paulo,SP
9facbfd2dd51a45404d58154b12ed2dd,be1401bbfd64455c798bb4683e915c61,22050,rio de janeiro,RJ
198866761455c414ecbba438e7256653,33309f9ed7e5a38a193256d314dfc4aa,38400,uberlandia,MG
b02dafd608dcc07b89044f6ec2dec31d,9008b8be4e2ac346ef8d97e8a8a871eb,26175,belford roxo,RJ
54e147bce661da8b3f594449d801c871,9b5e09de89364247a5efb6434d02b124,74915,aparecida de goiania,GO
0eb400f3e6d2f08e70d2ab5af9c203f4,c64b0bf5855e1d6ba223d649298c2915,36889,muriae,MG
896dada927cc2f8481ce0733ac6468ec,edfb598df71127e92dfd8a7776eee7fd,30575,belo horizonte,MG
99e92a4ae3b87639d2b55ee0319dee00,964eb1b98713e4527eb11bce9a0ac1fe,1008,sao paulo,SP
540fd94d138edcc2e81b4822c8d8f068,25a560b9a6006157838aab1bdbd68624,91510,porto alegre,RS
b21da898daa207545ab06e59254b57ed,cd003ae587a7681e41d5fe9e6fccaa74,9321,maua,SP
2ffdb3851fb34c5c1fdfd9b9116c0103,de7463eebef1b2e7a62cc2c80bd27a26,25525,sao joao de meriti,RJ
e540d2a7d8f2f8c1bab4b66234baf0be,d70452c4fc22c5eff3b0780bbfe363ac,32668,betim,MG
566f3ca7161fa95dae551c144c67443a,15dee872ef52b3a3caf055b45a946194,19780,quata,SP
f915ababf4710468c93ec2c9a3f64431,aea912932dcfd24b192a0445ccaa7f00,79051,campo grande,MS
de50f74e6eaf84cfbf83ee0c30ff3575,f5101c2ff9596c3c64b380f83c4244df,4134,sao paulo,SP
14c5a62a317324d6479b2f68c58fd162,817e4269707e78bf6a860b10968538bb,39930,jacinto,MG
4776b16f87e0569a736e4d85d9bc1876,75e81cea3851f06c3c06275f8b3704bc,11920,iguape,SP
a22bb337cbbfd6263b5b91561e72cb53,24796696385770802c044c5bd6091ee4,17013,bauru,SP
c6dcc1dce60566f15d0ce235d92afeb6,32c3312cd5a2dddfdcbd359694cd7ae8,15440,nova granada,SP
df82bea0664349eb5b8a7ef73871fc49,8a03bb160020b3fddcfeef12e8cd2283,45625,barro preto,BA
b5fbe4b143d1ca0c98e44f346c36b63b,4e299468155b9ba92749a364d01ecf81,31742,belo horizonte,MG
b51281d5c8fe567753940498c6508c49,a90f28cacd952c0e995ac0f08e35f03c,6763,taboao da serra,SP
b12e23d0bf11297749d4ff141ad16040,0a8c55f76bab1867b991c28c10806613,87030,maringa,PR
1e5b699b9ff60486d8d641a538974d75,9b76c588a7a8d495bce4f71d2559d3ee,20560,rio de janeiro,RJ
7a999a63fd38a91b7c1061ef82ec71f0,d7aea2b2d4d7ed200746d41776fbe9af,22745,rio de janeiro,RJ
e55e22f4aa75f611b05d755b60f0505d,5e75cfd56320dc660aea5d370b695a64,24230,niteroi,RJ
c19dabbe1bbe7614a3cd3721dd3cb6f5,9b65e5580c74b0518476b4518357794d,13454,santa barbara d'oeste,SP
c02804339297de6f018d91e5e928dae3,ae912dcdd2ca9b98cb0fef04feb2f6d3,13140,paulinia,SP
069f68677638153043f70401d8c08d2d,0ec45df207185ce87471703175856499,83408,colombo,PR
7595868948ca311517e89487d6815151,721f14c0ce2bfc34f4e4f52c468e4e06,6454,barueri,SP
1f9d7eb9953ad379f11be30ae9dda416,0e627c648d467c22ca73b5e9c4040167,1453,sao paulo,SP
0fae07bb4b1670e3da7d768c54f59464,ef589c64edf26fb431b56db8f6515fad,66083,belem,PA
f0e88593745900d1712f11d546bf2d2a,a0e80c84daeaa68dad3e9c3261c7faeb,7175,guarulhos,SP
399178f4096fc06d8539ca9b877f7c15,c3c609c977c96c78121d5421ca12591a,24344,niteroi,RJ
242286573731605587d92d0fd8162a09,183c68ec2a929810b66cd6cbaac951eb,33110,santa luzia,MG
3a1a43b64b07a4252f466e05381a74f5,eb9bde9fdb1311f9359ac51e05173d60,37502,itajuba,MG
4f219dce05e4878040dbfaa3308573d1,9395d10b9b9d314c4e55d858a6d525c5,69033,manaus,AM
69bd096df0137b7c401eb3daf9c4c96f,462fd002e459060811059df0cef979f1,37470,sao lourenco,MG
1486be6e2635c0fc6343893dab2f560a,3459587d5d264e1b4ff91ec9d39507e0,22790,rio de janeiro,RJ
c6227a9291e7e9a4fe69b48356d4b38d,fcb2a7889cd93c74402d7156bd4ac7a0,62600,itapaje,CE
ed91ad6be23d7d26f08f18a3b34db59a,7fcc165d6ad0d1eba335f8f13181b77b,88070,florianopolis,SC
fa3a8736d5ae8f7df9b0a4154d0b14dc,2de521d3fd097acfbd5bed9c7b9ed0d0,71551,brasilia,DF
f84dfdbb9fae7348ead6375ee052da24,f4d1502ace38b0df6f052a5544add9f4,25510,sao joao de meriti,RJ
3d73d619dcffc982e62330b93f0531dd,d2438db391aee59bac16f4a9d3825b9d,4281,sao paulo,SP
37576502af0e69a5b212adbc17c102ab,4f2890c09be7367651292e04bcac9cd9,88359,brusque,SC
f70caac357fd937a7c229b019eec9110,d014f51b7dd542baedb3b0699a2a53ba,2515,sao paulo,SP
fe4a4b61b1485be6c8e635377ea8f0ec,7b7617a110435f0f5212a57af745bee0,22230,rio de janeiro,RJ
1318775058e4321f5018e2fe470947cd,9ee6a2c5655e8fc3807cb35989933271,57319,pau d'arco,AL
060e0b4c512c109c094bcfddc0416ea3,51d1376f40a9251096fce6865ce96e59,38183,araxa,MG
b0589a40c88f375b99931580b7f26610,f99a1bff974aa1938184d64df947997c,24220,niteroi,RJ
5c124fabda6174c6a2f7ad04a5080981,185cdd4764015289d22da5fb45280116,15092,sao jose do rio preto,SP
2f29573c8cac5a7be11c5b649078f944,0006fdc98a402fceb4eb0ee528f6a8d4,29400,mimoso do sul,ES
11f8f6f30c61766f7ce9b90b023b0ad1,a6d6aed540ec300cbd9b40f12c1bf024,39205,tres marias,MG
632048d959676b7f64ba2363ae4a0457,9323c8fc6b07f502b24d455054235771,13338,indaiatuba,SP
0edde23ca18770904c4a9f6a53168de2,334525197c620d55513139cbdec6f593,38400,uberlandia,MG
bbce69db62fbcc00884caa50b906a809,bab0fcc94c8392299bc25fb2f5d540dc,4650,sao paulo,SP
2dab706c04920c7225853f5a75a27415,f37792a57f96adbc9513bb5a196e49a1,89801,chapeco,SC
17cf99bbc536657ddba8b1428192e103,4e6f6ed96c6bf5701e889301565361c7,4313,sao paulo,SP
7caf8d2cc7be433b0cb29b6e2db1853e,5b583873036f60198984295907f3b560,83560,itaperucu,PR
b5f2a4924544faeb20cb0c0b658cac45,aae2cacd213190a4428cb5975023d603,22210,rio de janeiro,RJ
560dc36db8afa12a1eb66f16ebc91f69,708072ae4a6e2b7479fa5aff6cd63385,72920,aguas lindas de goias,GO
bd3db989ccd5c565f4b708a39c0d14e2,c9cf55d6c0f009b6f5ecc6606e13fd32,4651,sao paulo,SP
6af371c39fedbcdd00ce27dd1d7b87df,66638d4e6ade7a409fb4cf91e30b04c5,84290,sapopema,PR
7882d91898341a59ddd07cc20b613d40,1762922315d21b4fd5205f8f9c0676fb,85410,nova aurora,PR
ea18d3d21da9d1dbe288ce635ea5237b,adc8767b432fd4f85ee6f7dc658554c2,2242,sao paulo,SP
5c3aa55394c788b6669d49695e37776b,9435bf9cb949594e48029575dfa3461b,26321,queimados,RJ
7904f82db05d978b48c96a1f2576eb8b,04c30572288c174afe55fdf8cebce643,11320,sao vicente,SP
8cd118ecfb9703463ef9670b1d18a26e,c6e994767dccb6b8a8207c1f44451159,8530,ferraz de vasconcelos,SP
d006bd8339ac9891923132af6408f557,50f99f56ab935ac45c6f1cd4c0bfbe2a,13304,itu,SP
1740e3a23255d4382a29eb7421b7605f,13b0be49a391e3a8d23ef63fe7fbc2db,96205,rio grande,RS
d5d8b3a49845e7291be73ad610ee09e4,35a412904ddbb1be0734bfe8dc2c6796,25990,teresopolis,RJ
85f811b6af8146949931a11913719763,e3f183508920c7d5ebdb5f302b016565,88820,icara,SC
d3bd738261705a7ca540dad36d95623c,e212d08343dafad3c0067bff58799298,72210,brasilia,DF
d7e3800d834c7a104b669979e90b12d6,63b0f8b7cd9f21af858dd7e6094efeec,2022,sao paulo,SP
333d057b8000f250bb2dbf5b6359799a,31a94cc445a008e48b9b00b78c1433b7,13214,jundiai,SP
7229a83df3a86ede0f260e81e41cfe8f,0c50bd4da930380921ccd158e2bdb1f9,36037,juiz de fora,MG
8fa33a3159dfc303b8aeccf859b9bee5,d753459418d268407f19b64be28e3c5a,80030,curitiba,PR
176906afbb1fcb0ede5ea13b6fbf2cdb,8d26c82c2086dcacc175e2ffe6ee2f28,4534,sao paulo,SP
9248f24013892b2690a39829f54159b9,64be1085f459ad4720cd416c386d3e51,57052,maceio,AL
8e80b162ca67be702f8eea30f9759c94,465b5aba99bc6d617f04baeb951e1083,88701,tubarao,SC
f7ceef0c0b1744d217b4b095c8a461f7,044899835b5fd90a57ca2c33eed35010,37968,monte santo de minas,MG
ee89679fe593f6d6ea420a3fac625110,554753696cdfd4aacbe9780bf9630536,74290,goiania,GO
024dad8e71332c433bc9a494565b9c49,312ca503ca7b19889f1db32cd18cb120,58415,campina grande,PB
f9571e20983191e5d5d13f9103581c11,3facecb23e94a029d3ed9f8370e16249,74353,goiania,GO
f2ee282dfaf98e24c28fa41c2a7f28d3,36c609d445f089d31d4f0d39a93db684,55811,carpina,PE
219bdcd9e62deb3224eb3a2963b89c0a,900ba6f9f288dd56e13921a55cebd4ca,89295,rio negrinho,SC
6fa4f15ed7bd6ed54b86f2124a8634e7,77253a00a454d2b90068500e101f6e7f,55180,jatauba,PE
8439fedb60fd10b549bb5a7e09079bdc,84f43811b2d9adea534828cf389d06ca,89260,jaragua do sul,SC
03021263578e74c1f2bd92697a37d93b,bdb40fdb1df62064c8ee38b845459e77,5006,sao paulo,SP
8b318ddc93f0076d90f07847ddf47567,fb933c9426bedb13e71038fa146fe6f2,88420,agrolandia,SC
05f34a3ba5449df9b9ab6bb247c7fe45,5b26618da34612cc4947bbf6ef4fb67c,11055,santos,SP
13ad006b54888db0dec9231f3af88082,63a5741f2d44f1bf9308e437ab88443f,5508,sao paulo,SP
d16f0af73b9e96b00e80f098f42d8fb9,f6911a70956bd20047eba8f3202fe03e,17440,ubirajara,SP
bb549de0741a314e90aef28db45719d2,9f7f71bbb7371b5e4b3b54a276dec986,11680,ubatuba,SP
a1db13809daa40c7510f1f1a768177e6,0561577fae5ac90dc55e6ec7755f4823,30520,belo horizonte,MG
15767fe37ba4bd84e258440467cf084e,217423feb3facd42e9449d35abb50109,14780,barretos,SP
f0e28113cd4ad5a6e901d09c7d1b5df4,047448ccb9c66b5d0ab04072e735df8d,6840,embu das artes,SP
7d3460ebd7b140cb166071ca96858a90,098ffeb0f6960a1d85eb26c432a1319e,40310,salvador,BA
76f9829923ebe9161af4f54f050885f0,4032ffc3b3b744f6c292d862cea3fca2,4313,sao paulo,SP
82e6aa6beb66b16ea738bea138988d33,1ee1aa6d721e29fc26f2c4aac3d615ab,6543,santana de parnaiba,SP
d8bc1730256a5655842bcae573f2d8a2,b4cd4e0a9c809bf22592f2af4c27aaae,22010,rio de janeiro,RJ
debb9c0b178e9096f08c8609c81e2924,26d011d527e0a9fc7e93674895f73193,85960,marechal candido rondon,PR
4212cb0b515edd1723eb5dade9852916,bb8486cad0e431659227f6fb18fc6a72,29090,vitoria,ES
a9747726d8eee30a4508fa88cd8a20a4,3ef631133c6cd69283463c9d2302ecc5,62042,sobral,CE
b95c303652bfe9fa2d4851ec82983c2a,894701e0e47afbcc17678fa5565f70df,9190,santo andre,SP
1f29abf411bfd452f339ac131885c3e1,97fe0a969a39e5f3b024029f10c375d9,93700,campo bom,RS
faa4dc1c729a9a87aee1a095825fb209,c64dcfa2676cb6f52fe2118f47945d79,48110,catu,BA
3b2e666d92ce663a2f35ba3a6bb5df6a,4113a7e912e87f632986e0562da140c7,74075,goiania,GO
8a59aa4c819f3517cb74c672f5564ab1,4108ea48ad6d98fc83df0cb9223df199,2618,sao paulo,SP
4b940010fe9fa9b94f3848ca59102e8e,85c0ec621de9008f7e5c0cc95b9be6ec,90450,porto alegre,RS
b9f9d54696bfbb8181c2e0754ddd8b7e,5afd7306d740e33d1115bd8afd4246c9,23097,rio de janeiro,RJ
82239de58e13a902a1dd2ac7ceccddf8,2593559c787f18123388ffc746ea2857,5842,sao paulo,SP
3523a3beae4b3f9d398b0cf0b2bcb630,7edcd431e5217e39f6d9aed45385d3cd,90130,porto alegre,RS
bc6b9c888681765f177cacee35b6157d,6a326f2cc3adfd1a93e2e033530c653a,95044,caxias do sul,RS
abd05c068df0dba58309cd1f3f85d652,30e464e301f31d494539d4918b8ce362,12605,lorena,SP
55c9dad94ec1a2ba57998bdb376c230a,ba84da8c159659f116329563a0a981dd,25635,petropolis,RJ
318e6461c1360f9bcd936bb5bc8acdca,50d0a98c7b8bbe97a37c54c36d072d25,2938,sao paulo,SP
a04e3a209e3d2093c17df390116bd3aa,d40de84393ed71b0bd0a650be794fa23,2268,sao paulo,SP
779609a1ecaee6f5ea1b6e50359c0aa1,abf1d6bd1161f2d55493942abb8c1402,14077,ribeirao preto,SP
a6e1b2ca16f6fdb0eb443988df862f74,45988f46a433bc4a9b227923d7c0efdd,53635,igarassu,PE
a5fbdec2c17bfe055e28024387bc8f99,824fcf573a9993ef9ae8ebd184f86cfe,28750,trajano de moraes,RJ
4106ddef0ac33e5a0e3143456ac5f16c,2875c681845ef99dc88310c0d712ed6e,21073,rio de janeiro,RJ
bee38172e88b59389711a1147ac7521a,62b577bd271ab007b66862f5126f9fde,17514,marilia,SP
683c56d8fb22ac87888587310311cf2c,1aa85a5b16073b73eb97183f2da3402c,16201,birigui,SP
08e16d18de470d7041b38c2b4031dbc1,73279480c0c6e3b47b71419dccf5f610,65289,maracacume,MA
cdf96d2b0152fd28e7ded02cd0743815,a3ad86e859f1d0466bc1beb77fdf218c,5639,sao paulo,SP
6ad62864f75d24638cab4e7bcdd9972a,77d0352364404b096ab0509d4c841def,70340,brasilia,DF
c2f95153645e6d3add0e3c41a8689bfd,06256d698070aaf9bf914a87eef1e87f,90470,porto alegre,RS
f5099455960fd677edc4badb55917954,6d887f0f6d505edbfd980aefad415c04,18085,sorocaba,SP
1ad80e57d0ca61401ddd3150b16a5beb,aecbc14a0645d6699cec639518fc8f33,13041,campinas,SP
d30f32b756dbc49536884f962233a2ba,4c4dd694773b1fc6f0481f9221c31b79,95200,vacaria,RS
1551880a021b8cc82b9d9fc4b1991506,dbe0a60cd92b806e30b1150cbf9e92e1,86870,ivaipora,PR
65a6a03c07caddea4ed54b719663fce1,5dd6e6ccbf66521ab5ecd6da289bf673,5351,sao paulo,SP
b6ff5a99f18bc4da7753ab8659c829df,5f9acccf19a533ac36c79bc80309893a,89066,blumenau,SC
8009876c0e2c6b5b61c9e9dc5e1a7f40,a900ff99a192cbaf6ae8e867a95117a3,6414,barueri,SP
7b3924bba70acaea610883a7a9b3f768,1203975b334f899fbe44e797ceb9bf43,5047,sao paulo,SP
e7e06aee55b48397aff8236ae9241175,de424899ec8d4ebbc30111e35006eac6,97590,rosario do sul,RS
905e35fa8c58f52fd1443aa882e99587,feb4f4ac5cc52822cea09bc4a6687ec5,29650,santa teresa,ES
10e01f78f465b6c879d2bab6d4d0d7da,e695bec6e792cdbd8dca818004d1c0c2,58079,joao pessoa,PB
fbd922e9f5bf7801d5158eca21b27c26,e292ce879d657c57ba04028dda21fba9,48905,juazeiro,BA
44d7a0bb55a00642fc8e3c525e47aa70,e7e90162d2dec13d14abbb4b3268aaa6,3678,sao paulo,SP
b9e7d8b529d10203729359b4660021ec,c34e349e96f7ad6ceb0723adb5400f0c,4545,sao paulo,SP
8fbfdbacdc92ddd984f024f09e62408e,73f2248eb4705834587fc9e1ef45b3bf,22743,rio de janeiro,RJ
23090a6b2fc85e04dcd36563dcfa1af5,bf3ea1f12c45857c553757b918beecf4,13049,campinas,SP
9069a64d2ee009244fcb144de3b128a7,bcb8ec660f9d6212d52115aa8183ca04,7792,cajamar,SP
310b5113be1d68f9a292a95238bb4a5d,aaad6d68de5490cba508e4203ddc87de,13253,itatiba,SP
d3a8e1ea909151a954accab74ea6b663,c8330933899939c96a4f2632b9f4c8ce,5133,sao paulo,SP
834518d4594b0bcb116acbe814f1bc03,1c528e680fca3cff6d186b6f49a32ad6,40393,salvador,BA
0037d14e53af1d555a582504a4058f4c,442bdd695caba6183fc44d6cfdd4f094,5857,sao paulo,SP
422fc5a15f629ad7a487384d91beec05,a8b949a1acef1a28d3be866c20361469,89810,chapeco,SC
da9c83d94321bbd07861ab46ba121cfc,7744dd5bd5f8e398878b4cf2aacd5f75,13835,conchal,SP
e46010c28f8c49202bcf2a0b0347189d,b3c219d791c94f06a0d453c38b75cdb6,22450,rio de janeiro,RJ
846741fb0413457474edce5effc2d9d7,42503505af8b15a1861dfe20608188a8,74835,goiania,GO
683ea4e05524b7d01d01a91b7bdb3ac0,7898c23696ea1ebb4d1a7d62ffacce33,8255,sao paulo,SP
23e9a05c114b1513d55e235a93d8a6e7,84581bcc9cd2ee220626ca0917b93cc0,31030,belo horizonte,MG
edcf166270d2ea3a3dd093c74deb5c9e,2a43b0175206777c3bc96fc89bfbdcbd,29118,vila velha,ES
670af30ca5b8c20878fecdafa5ee01b9,8823bc1bf8b46bec53f2b6e7c5d0a8c0,49030,aracaju,SE
9abc3d571a784146d4f60c6a45ca1cee,bce11bb3c53f9d7c5d4196a88e27937a,36830,espera feliz,MG
7713e861b6b25bb555804711dc1a57e8,495ad99889726f38d2a0df657921a832,35900,itabira,MG
a4700163c178904b20784f35ba0bb2c6,4f8a6074dab0c35bca0d6ca28a704cfe,99020,passo fundo,RS
8df816d91d225a9a6ab57c030278eb80,50d27e12b7d28f9c61ff09d5e9429684,88058,florianopolis,SC
d3f497230c673e3eb4362335acdc799e,5e787bf74b4a77702b1ab06cb42e65cd,24220,niteroi,RJ
778f92552296fa2e9a576df5114be74c,f7d261086d11cb19cfa84fc107d7db5c,97970,roque gonzales,RS
2b26fba665d933c5fd8c7c3cb844f27f,95a32ff32e5dc4fa64c8db2079bc4c24,7040,guarulhos,SP
fe890e9b4328e3ccf632960b3f2b51bf,40e1a93e92c863ceba81c6c354a1e85c,22793,rio de janeiro,RJ
331e03764ace557102ea57186b4079eb,2a2e2e0e4611ca5566877c2396cb79b3,4474,sao paulo,SP
0fd9ea9bd342abe74db14762466e1b48,75991565ad3030e821e9f5da33af7d17,31365,belo horizonte,MG
3c901db1df72e65cb8da76c934122a1b,a4cbc79c29fb41423f31495b90df94e0,3113,sao paulo,SP
bcbed60388f730775d8f88b0cba304e2,43734d19d5020ac27e729611d83dff53,65075,sao luis,MA
649417bfde31b8ccba22d8faf19f15a3,ab0dc0d400ee0c7ee496b4be90bf3e62,4532,sao paulo,SP
04ea55920e35d12b624eed3a92b137f8,d07b7b1f86d0398fd24b738d4c0630c5,95173,farroupilha,RS
e60baa4442cb2a2f5e3c4fbad4dc16b5,81d1bc1a5a2136671396cb6fa80fb42f,3372,sao paulo,SP
fdeef3ab1f545e40afb89b67d3979118,02ba802031bd2351ccc570b0d7581592,9941,diadema,SP
c008f3bac9e5d451c760f32c168394a1,1503709cd2fc94a7a459301c071c8331,89790,ipumirim,SC
36b7c241d7c541245697882622147c28,c3600ba3d356e33766c3d696bf2f9a87,39680,capelinha,MG
ebcd6949522bae5af04691fe44be17d0,f9996b7531735e4c037f2b924cdee1e1,28250,italva,RJ
4dd6b4d96472044939e2bf6143a90712,348d2d19d28a3abf896ed5e58fc34069,91260,porto alegre,RS
150cc81c97ac79c4d951f57f8fb6b5d8,e56d844ce394899567b96a627d29ce7e,44053,feira de santana,BA
305e7efe0d3e93e9d201ecc4f5ba044b,6749c23f6f84e744aa768f70b3e09bf3,8696,suzano,SP
133cb7dc019947e49b9541c6c2795ac8,f9704cfe97e0f31474c90f255b834511,76900,ji-parana,RO
e5d16033bafd87eaba2b0e2276d8ffd0,75e75d50a0a9c0f0980acc0fb9364001,4534,sao paulo,SP
1d6c578a3eaaf071ef9f76b887e82b29,0de3c011dbe1b11ad0c433694c05be2c,38703,patos de minas,MG
d34d8be2d14d57f7e03555eb3cb3d956,8fb378ace44dd19b424f3783eae75661,9810,sao bernardo do campo,SP
6d35b6b4d991a944bcb896d13a298ab2,c3be4ee233f5ac45d6b6b5288127b67a,38026,uberaba,MG
d2dc6bcab2d5200c7df05b609db1b1d8,9394f9f2e04e9d3316d930eb8f49f7cd,3309,sao paulo,SP
9ba00b5627e37eae99b7b42f26cca99f,7e51525ca9b833a13488354067e35416,60135,fortaleza,CE
93c4960d58cf80f39108c219017866c1,54c665eb48d502792c20af5ed9166359,3322,sao paulo,SP
b661a09416cb2f21723aa3ad12b40a1b,8b290fbc061d3248230cf393c55d5cb9,32604,betim,MG
8fbd29638b8ddd97d012473abf1f7752,4d34eb7a11a201d8a2317a791adbcb29,23812,itaguai,RJ
cd7fce401268bce93c1a08db08dec8de,a6f97488cd4b3fafd5f15aaf7ca1a545,14080,ribeirao preto,SP
c6d27a74743430e10b396edcb26d7e38,722a0971b48c4517b65ad01a1252e96c,72115,brasilia,DF
c2928a50aecf1bc4776082b13225e4da,fe50acde4870aa583fd28401916b7348,13152,cosmopolis,SP
e924862048255b8fa261c9242f19d697,7f8c0c62801483aee10f67e0415be2f5,12945,atibaia,SP
9225e82d7b09bfc606f1849de9300050,6411c4f3a3a713893b2a54533129da94,37200,lavras,MG
af30cba70ea89e6a63b8db49eb9b7b1e,d33f44d70c88a42a04f6c873511a965e,86703,arapongas,PR
a9b64930cc252ddc772d8fd2db472fb5,4615825a69abba2fd1e57b84581856a3,39690,malacacheta,MG
04d7d73089b39d83f81b829cbd98e43d,86badf62319a7671b78a73b6b1e69fbf,35170,coronel fabriciano,MG
e8db72eb5ddb5c47fc55af02a9395d94,3df711695b712b39c8074af49986aaa8,58056,joao pessoa,PB
310ff09e1ab4ffc13b233a9cb0271750,a3e2b693b3a0d3d4ac7bff14719a37b6,4852,sao paulo,SP
347383eb85480a99e9df0bba4b129093,628bdd93abd27fbdd50f4e2e91ec64b3,14021,ribeirao preto,SP
d858c8a1bd7dca425c880be55b01a581,95295e9cda1d086d82030c9485f14c74,26600,paracambi,RJ
ede6d420b95b2d4145c3e0de07483597,e8092d3af4962027cd1f45d669494cd6,95625,imbe,RS
c2e3e1fe1f1aed8b4166ef1f6fcc5115,c02b329d429ae0746e4ed11256d91f10,8110,sao paulo,SP
55b1096689f3b208424ce621e1de6607,66a184711baee7c3f8c58ef814fd6549,14060,ribeirao preto,SP
d87b280bf2fbaf934442f9e05dfbfc94,eeaa1daeb561d66db4c5e9b14cd427aa,81050,curitiba,PR
986eba2f0d54f5b350b50ffe122ec2eb,a688f49c277a0eb82f40622a59327ebd,4696,sao paulo,SP
9f5d14a3c0a1ca30fb65b984c3123b69,e7ab1ac63cd7d365acdc426c14f4c84f,41342,salvador,BA
d472dbf6ecbea44dbc6078d5bb5c0c6d,48a7f33564edf88c8326c3ee34bf9c0c,13940,aguas de lindoia,SP
8c215a516a5d40f140276e5ae77e02ff,7e0dac37008b4fb0accd202502fc3b8f,11790,pedro de toledo,SP
110854a59606d579bbac092d70777bc8,c8a0a50ecb5462ccf003ad5e3639df2d,13023,campinas,SP
e5a425ad8699dd021f97ac837591cd70,c30b0c608dcfd2de51f2a181ba746b5c,4143,sao paulo,SP
b3e37f0c3d63bf5b5868aaf6feb3dba5,17f26f596394f88db3fd6bcb219df8b9,29101,vila velha,ES
24292f67c356eea18ec91a1e9c33cc4b,59a9e3067827cb62270d3cbf43cf5b43,9111,santo andre,SP
b4fd952974f786b6a9877053a27c0bdf,db32149fe10651921d65ba69612ea872,6462,barueri,SP
cb259b37d86274f7e0456078a08a936f,70b74561278df139c3b0554de10e3636,5541,sao paulo,SP
1862d62241f706107f4d52c781e2f79f,73707653c0cdadbd14bf63a649124895,16305,penapolis,SP
7a4f8eaebcf61c55ecc1812c83311787,2866c9e957865287f7f4256f0c91c9af,19902,ourinhos,SP
d30c5b4b3b5e3156670d70ec32e26476,e6e5d1f33e43552ff5762bf822e53d2d,2671,sao paulo,SP
a90cbac9cff2b9205048ca41fab6fe96,530bb1adbca6b37d6ecb5c7a50950faa,1541,sao paulo,SP
03b188ca8a8eb2ac83073a9063a1f1af,4d4da2fe14a93b8d8e6bc59c81939a4b,3168,sao paulo,SP
c89ec71952197c093c9161bb737dec5d,34a0955bc5dfb973c863133bbb8ebef9,5872,sao paulo,SP
4248fddd68e3375c24e743290ce2d9fa,a79c62e50e66e1036ba2cb2e5e00aff3,37190,tres pontas,MG
1bd6b1b425cc25c6e0c79f68d28fe2fb,d5757a126bd48eb32c706bf3b2349947,78360,campo novo do parecis,MT
f247dc9ed6536f4ecd067e8403beea4b,033ab4d90f96e43290fe67fdd15a88ac,11030,santos,SP
5a0ce17620554f641a8113fc965194c5,d385d86ff15a721b213924f5f6b8316f,39150,serro,MG
f38f9a47f86946a481bee72088dc2b92,de3db1c7fde39c146535f1b33a7e455c,8080,sao paulo,SP
0555bacaf4d4560a75e796a6e2c1e00d,a5b1b65c37d5cb25f12ae5302f8f1adc,1424,sao paulo,SP
0f36f31f1f476b1e242d3f739cc63137,1cf7862585181fe59d384cdfa39f4a96,36700,leopoldina,MG
2e2f126cf82a864a13a0893bc6f0595e,142c6e341e91f0761d8a7e924f80e9cc,18143,sao roque,SP
437bbefd8040aaa7dcde638396f63c1f,76402ad8aa006cad07e87ea36a663560,27700,vassouras,RJ
76005500a2dfa3f5d910c22cbe99f8f1,70c11fae5d0320e6f680c3c5a500fa94,9372,maua,SP
55a52a925384404b4e57b82938bf6062,0fff4016f4008007ba2bb7d63ebae39d,8780,mogi das cruzes,SP
385826fa4890fd6d52d6db2a12991aec,cf217e0cd2f84c040999679114af062e,38401,uberlandia,MG
54dcf06632be05abeb6ed726b761c022,297fba4fefb787db6b29178b7622e0a4,8710,mogi das cruzes,SP
f255d679c7c86c24ef4861320d5b7675,d111b06b6f3a2add0d2241325f65b5ca,13500,rio claro,SP
