order_id,order_item_id,product_id,seller_id,shipping_limit_date,price,freight_value
001e7cf2ad6bef3ade12ebc56ceaf0f3,1,bdcf6a834e8faa30dac3886c7a58e92e,2a84855fd20af891be03bc5924d2b453,2018-05-22 10:59:50,35.9,15.2
01218a8a807fc187849529e6f12237a9,1,98f34b46fd3c8edec3b0e453e0095e77,e48cc16ab70bfa09e1401740dce0b3d7,2017-10-26 23:14:25,13.99,16.11
03343a88c4d669e6378c5aedc4147919,1,b36f3c918c91478c4559160022d3f14e,1ca7077d890b907f89be8c954a02686a,2018-01-22 12:16:58,150.0,8.3
035201c3c82a97f8a25dd6bd5244b2d5,1,1c36a5285f7f3b1ed2637d7c528ce5ff,d1b65fc7debc3361ea86b5f14c68d2e2,2017-11-22 04:30:29,89.99,45.09
03fa4271f18542d22ecbb7eb41802ada,1,f71a7c95a86564873cd996896b2976f6,955fee9216a65b617aa5c0531780ce60,2018-04-26 06:15:10,90.0,8.98
044b08f176981f660b98a85c559ad57d,1,7340a3839a1de1e99d149b8cf052a2ec,4a3ca9315b744ce9f8e9374361493884,2018-07-20 18:55:20,68.5,14.06
04c35d140fbc805e40f33f6902661c4f,1,87283a98b24f9f1ac3a31b631073cf47,cab85505710c7cb9b720bceb52b01cee,2018-06-19 16:31:57,49.9,15.45
0507a74781354ea643bff372311d2a97,1,aa70ae9ee9a798d44ae6e00ce6d82cb1,c70c1b0d8ca86052f45a432a38b73958,2018-05-25 17:31:40,110.32,7.64
078f6a01964ee122ef20881df839af31,1,ada6a9116c85d8e56232e0a4265d7db9,c004e5ea15737026cecaee0447e00b75,2018-08-10 11:15:27,2350.0,69.2
09b866628e60ce05f3e25fcfde9722c4,1,f0a720fc3ab33276bc8bb46595996083,4ba52dfeba874da5b9ee7b17c7494f04,2017-08-08 02:55:40,329.0,28.62
09bd279b1d189a59de559c5f558ca857,1,f7186d0740a850c2f73f4b67959336fa,ef506c96320abeedfb894c34db06f478,2017-03-08 04:15:23,25.99,10.96
0ac6093ec7bb2a5eb1da4961999ee9d6,1,e00a570d375c55a1858a08669ae684df,06a2c3af7b3aee5d69171b0e14f0ee87,2018-02-08 16:35:29,34.99,25.38
0b0334d5ad01e008caafb19973bf1acb,1,07a2b4290dce4edc619005d1a6348439,b499c00f28f4b7069ff6550af8c1348a,2018-05-02 11:09:03,59.99,19.39
0b0334d5ad01e008caafb19973bf1acb,2,07a2b4290dce4edc619005d1a6348439,b499c00f28f4b7069ff6550af8c1348a,2018-05-02 11:09:03,59.99,19.39
0b0334d5ad01e008caafb19973bf1acb,3,07a2b4290dce4edc619005d1a6348439,b499c00f28f4b7069ff6550af8c1348a,2018-05-02 11:09:03,59.99,19.39
0b3d6a94ff1d643af663f55ca8418520,1,006baa9a5b8f95895f15273a35bc2664,8f2ce03f928b567e3d56181ae20ae952,2017-12-20 08:35:29,99.9,21.19
0b4aab4ef70208498663141571f68116,1,2d9b49aa7510c59fca0cca0e1dc0e0ca,dc4a0fc896dc34b0d5bfec8438291c80,2018-03-19 11:25:30,85.9,23.18
0c78080d6694709647442e7efb1d2a5e,1,95c1a931a9c24a30577e9af5a5c420ea,0249d282d911d23cb8b869ab49c99f53,2017-10-25 12:56:47,36.0,14.1
0d3e9a1db3f3e32d92a74cf84605172d,1,d4a8ab90e626911fa92af68c07228390,cca3071e3e9bb7d12640c9fbe2301306,2017-03-04 14:52:58,45.9,15.56
0d3e9a1db3f3e32d92a74cf84605172d,2,d4a8ab90e626911fa92af68c07228390,cca3071e3e9bb7d12640c9fbe2301306,2017-03-04 14:52:58,45.9,15.56
0d71624d3497568c5af4fa0fc5faa967,1,448f8f85f231f7f33be46c1a972b6c8d,240b9776d844d37535668549a396af32,2018-08-29 07:01:34,789.99,23.63
0d7839b143597f84b086c444ef9ebbe4,1,3354a4e684f5e7199f9407db70ccd92b,7a67c85e85bb2ce8582c35f2203ad736,2018-06-19 02:17:31,89.99,18.43
0d80d0e27b1dc1e7eab3528b17464069,1,3a807175ca79ae358737db8127977d35,5d0363b33554b373851fc1622e4d5f3c,2018-08-29 19:55:14,237.0,9.82
0e1670a6f68c72266681ed85b4e4f73a,1,529bb98486625f3590837af3e22e49a4,9f505651f4a6abe901a56cdc21508025,2018-08-24 11:24:34,44.99,15.42
0e40a411ec0cb464b5d17a84ff95cc25,1,11fd9d7ba552e1d28872e008acf1e050,cb8bcce248bb1fb274ba762d8b971456,2017-07-12 19:55:18,139.9,13.11
0ec09142bbb9fcd661d1d168e66371c4,1,8c591ab0ca519558779df02023177f44,a1043bafd471dff536d0c462352beb48,2018-04-05 15:31:55,110.0,27.04
109e7f07a4c739fb54edf836bb9ef576,1,b192be433004cc1f10b467c0e9ea309b,de722cd6dad950a92b7d4f82673f8833,2018-07-24 00:10:13,197.5,21.65
1139dcd182662d970264159024ad6384,1,0c3305267c17b542aecbc2385f5f0794,fe2032dab1a61af8794248c8196565c9,2017-05-31 15:05:17,219.9,22.34
11f7b0d8e34bbcd73125bf46d0184a99,1,bb50f2e236e5eea0100680137654686c,f7ba60f8c3f99e7ee4042fdef03b70c4,2018-04-17 10:50:59,330.0,23.07
12fb2d2b590f7359e3b473456bd1ca87,1,d03a2a3433372ac8f9f6649d1dacadae,c70c1b0d8ca86052f45a432a38b73958,2018-07-10 08:30:40,110.32,8.03
12fb2d2b590f7359e3b473456bd1ca87,2,d03a2a3433372ac8f9f6649d1dacadae,c70c1b0d8ca86052f45a432a38b73958,2018-07-10 08:30:40,110.32,8.03
142ac5357e541e5881d26fc5eb5f3754,1,99e28f7c171b6945dc991d1178ffedfe,7daca0837f033a41a6f3428c18657533,2018-05-07 03:15:02,279.99,31.82
1460b7b8fd63551dc68bfdffdc31edec,1,2c92025a63896497612a531b6d015669,c353f8fc0ce8344999f17d578eb69a5e,2017-01-27 07:23:50,87.99,15.92
14e6e050a57912543937e93051cc7b2c,1,3940247162a820eff119efe47b02182f,82cb9f452fe8334df74b22d37824b431,2018-06-28 19:20:23,49.1,19.53
15b9bbc3bfc272e14a8da450ed7867c2,1,887c03038c774a15272a3e75ca7b4fa7,de9727ca376d1be6ec121b110aa7954c,2018-05-24 14:30:39,68.9,13.6
16725237f8f6e32f876dfeca7624063f,1,297dafe95cc452ec731fce535139cb4d,50c9975695009e5e6473912e83a6d1da,2018-07-30 17:25:35,62.5,22.19
1679d1eb7779b27771375628ff2f95f7,1,729c55b4509d36c18b86f0bacc17ca5d,ea8482cd71df3c1969d7b9473ff13abc,2017-11-30 09:34:26,24.99,7.78
1693d3b069866bbe03167ef59ecb639e,1,a7bf90b233b7fe72d46a97b0cfb3eb33,066a6914e1ebf3ea95a216c73a986b91,2018-02-19 14:27:25,39.0,16.11
186f1bcd133540f30b81866e159ea4c1,1,0e1694ea20b32def37ee9eec200f9a5c,e89c4adbe7b1d0819dbb636e16461cf1,2018-04-02 20:50:39,59.9,15.3
187a17302afec3ad360e610e19e455cc,1,044f05bc9de36e8a693a83e4bc79dd0d,ea8482cd71df3c1969d7b9473ff13abc,2018-07-20 11:21:18,24.99,7.44
18c1040bac4b6a31a10b6d4201072ce2,1,b59b5899ecf4bcc294a72fdd48adaa94,562fc2f2c2863ab7e79a9e4388a58a14,2018-05-16 17:31:43,29.99,15.23
18d4e6891576559aeaaef675e25d53ad,1,9275e1f75faf1d3d1f54e4cb63d12a36,70a12e78e608ac31179aea7f8422044b,2017-06-29 13:30:18,19.95,28.06
19843d257bf7ac782b0e4763f12b0a2f,1,1d1e5ff7c1fe84990f92d41f7425b789,6860153b69cc696d5dcfe1cdaaafcf62,2018-05-04 03:30:25,59.99,18.3
1a611328643ae11146ba09a4425d2e12,1,0bcc3eeca39e1064258aa1e932269894,1f50f920176fa81dab994f9023523100,2018-05-08 23:54:23,53.9,16.07
1b1b3a4e0fe992985df0687e28917050,1,bbc8f8ad8f885679e489afbbd29eee61,41b39e28db005d9731d9d485a83b4c38,2017-07-10 15:05:09,49.9,15.1
1c8e00e4aaed0f2b8d35db6abcd8e512,1,f9207fac331224217b3ee2db75d7a49b,77530e9772f57a62c906e1c21538ab82,2017-10-19 19:33:53,59.9,15.17
1c939324bacd87c65d030c7974e38338,1,661bbdcbe54d141b50aeaf9d33384d34,42bde9fef835393bb8a8849cb6b7f245,2018-02-20 17:20:48,109.0,16.2
1c958182f10d6fcbac7728c8d3a151f1,1,e934947ca6b64f5a6d864e21dca13b73,640e21a7d01df7614a3b4923e990d40c,2018-07-25 16:00:03,52.58,52.72
1cf0fc2c07de89a211f8dcf9ff5af15b,1,701ff123e9085dcc9c2f833efded6374,ff1fb4c404b2efe68b03350a8dc24122,2018-08-14 22:05:23,395.0,20.94
1d432ff6ecb6a501752815ce48038a89,1,b07c988c725ddd67d0c7572a8099712d,cca3071e3e9bb7d12640c9fbe2301306,2017-06-28 16:05:12,34.9,15.1
1d432ff6ecb6a501752815ce48038a89,2,ee7de8d5e813bc4c5f9f1c38ba41e7e5,cca3071e3e9bb7d12640c9fbe2301306,2017-06-28 16:05:12,24.9,15.1
1ec801f67c9ddedd7232db3f8045adef,1,f8ccd11a8dd63145c9a4ad4424195c77,8f119a0aee85c0c8fc534629734e94fd,2017-06-07 03:55:31,99.9,7.95
1ecda016913167c1bc9dee2cce81c7da,1,d1c427060a0f73f6b889a5c7c61f2ac4,a1043bafd471dff536d0c462352beb48,2018-05-03 23:31:00,119.0,19.74
1f1d34c2ba3f3ae5f852175df49f079c,1,972362b8b232932af39c3b4b03b3bda2,77a515caa36327151d1cc6c32a9f00e1,2018-06-11 16:50:36,105.0,15.64
1f2d748b450582951d24a89c0e2fa4d4,1,722dc14e0848efdb771dca6de2929c41,7178f9f4dd81dcef02f62acdf8151e01,2017-12-05 06:30:50,79.0,34.35
1f84f9ceb5c60dc9d3ecb4bbc0555dfa,1,a282446835c36ab70ca9fd48edbbc4e6,cfb1a033743668a192316f3c6d1d2671,2017-10-29 22:28:20,169.9,18.44
1f91f6048baab1f573d3657d38e16137,1,872db866d615db59612ac933f43d6b22,701938c450705b8ae65fc923b70f35c7,2017-05-23 16:25:15,103.97,25.04
208e8b34ce83784e7f65185eab460000,1,dccab0aeed5632473aa1fccf14846b3a,06a2c3af7b3aee5d69171b0e14f0ee87,2018-03-22 11:30:43,61.99,19.12
20a8a330c884b1e98b50397b518efc35,1,0cdd996d482a30e6a2c4d222a9685c73,f7ccf836d21b2fb1de37564105216cc1,2018-01-24 21:32:32,22.8,11.85
20c50b79ccf3492546de6ef891c03ebd,1,e7d5464b94c9a5963f7c686fc80145ad,58f1a6197ed863543e0136bdedb3fce2,2018-07-19 12:06:02,139.0,22.9
20cfab9d640f9a76956b6a8ff459ee78,1,b76364870c38ddd7dcc9dd9ab5abeeb4,2a6fbeaa7ab9e5d59a35841a8da71ce4,2018-02-08 02:53:59,48.9,17.6
20efd9f000215e0bbefcf087e8cf3d61,1,7c1bd920dbdf22470b68bde975dd3ccf,cc419e0650a3c5ba77189a1882b7556a,2017-06-14 14:25:18,59.99,14.2
21990fe9b5b40fd681da192e4594884d,1,e4d56c64196ecb182e719d9bacd0628a,c4fabeea6e569d42d02993bb1f4f1cbc,2018-01-18 12:54:35,59.9,21.22
21b966a378471db65c18fa4ca20d6800,1,595fac2a385ac33a80bd5114aec74eb8,289cdb325fb7e7f891c38608bf9e0962,2018-08-23 20:50:15,116.9,15.92
221d6c2816440c5e3102f2a6e78a90b5,1,4eccb57987c7f971d1fd64f81362f191,5cbbd5a299cab112b7bf23862255e43e,2017-11-09 13:46:30,36.0,15.1
224a802cf146cefcba3907e02acce34e,1,d392a00a8d96150a649853d20d63e8ba,c3867b4666c7d76867627c2f7fb22e21,2017-07-27 06:05:22,138.0,13.99
225d8e0b99ff5a086559a0ec1b21f7c5,1,fe406983ad8b9e20a5b18801f39ece27,2528513dd95219a6013d4d05176e391a,2018-01-11 20:37:23,78.0,9.36
233e61a3a3fbc1ea5c7349fa68eab1bb,1,33d26f298db59a201858e0248d9cee6c,46dc3b2cc0980fb8ec44634e21d2718e,2017-06-14 21:10:15,149.99,21.85
23575ff1c8a0669132c47e895a24b5fb,1,0aabfb375647d9738ad0f7b4ea3653b1,37515688008a7a40ac93e3b2e4ab203f,2017-07-24 21:15:23,19.9,15.1
24016340d5156f96d37500c78a7fe591,1,330a8a8d810e84c45bf6fece44e082c8,9c0e69c7bf2619675bbadf47b43f655a,2017-08-31 09:30:19,175.91,9.41
24016340d5156f96d37500c78a7fe591,2,3ce943997ff85cad84ec6770b35d6bcd,9c0e69c7bf2619675bbadf47b43f655a,2017-08-31 09:30:19,175.9,11.89
245b2a09d0f787df368d4a370a63eb58,1,7c8e2b381bb0fcba5b368961d7823cd2,53243585a1d6dc2643021fd1853d8905,2017-12-12 19:33:19,599.0,58.63
24bf227d444a1df7957f78e6f03bc5b6,1,b7f7b781db33f7f78996fea3804d6766,612170e34b97004b3ba37eae81836b4c,2018-08-02 14:44:05,97.89,16.88
25897fea02375384a97507a86d846923,1,839ae04dfa2580c962dbbf9613c3e6f9,0bf0150d5b9d60d9cd2906003332f085,2017-04-14 18:10:10,89.9,14.39
25897fea02375384a97507a86d846923,2,839ae04dfa2580c962dbbf9613c3e6f9,0bf0150d5b9d60d9cd2906003332f085,2017-04-14 18:10:10,89.9,14.39
262b62b8ed582cfe9cc79c93627adb8f,1,ef34878717e7759a53c99550100ea1ec,d1b9d4be4b6f9ebd85f8acd6745ba612,2018-03-05 16:15:32,99.0,14.44
265144aedd0822b898712f78e0c3cfc4,1,830345ab5d2e365c7c6b91459119ea2d,05ff92fedb5be47920fea08e501238b9,2018-06-19 15:25:44,479.04,65.37
2656fd6fdbfe33c6421cb390eef1a73b,1,ca38c039b717207dec906f4fa9a21db7,44073f8b7e41514de3b7815dd0237f4f,2017-09-07 22:35:22,187.0,18.88
2671e7f4ef9e76c9019650580aaeae95,1,65bb1c5a918d2876d7a0262774887d86,dfc5fb7259bb2b599ca565e6e9448f0f,2018-08-09 15:55:13,129.99,20.1
2686d8e26c3f6e55f0b0914311ebc718,1,7583d9a579408cb84bbc7b0e4548ec18,7ad32824caee82087b3e2e5f33b1bf32,2018-03-07 22:55:40,199.0,16.14
26a6cb1654ddb8cd23a0b67cf5dad223,1,eb6b82b5e0758b2710c52ef65ffad74d,5058e8c1e82653974541e83690655b4a,2017-12-22 17:31:07,169.99,43.07
274a7f7e4f1c17b7434a830e9b8759b1,1,70120d2f9b9193aa0030342072d8adec,92eb0f42c21942b6552362b9b114707d,2018-06-28 13:40:11,34.97,22.97
27dc874d0fc1a19c74ec77ca706be968,1,24c03f6980d5f778bcf41785abe25533,d91fb3b7d041e83b64a00a3edfb37e4f,2018-07-06 08:10:11,36.2,11.98
27e2a7e5ef6ee74e734f296c3a0e33f8,1,a00cd7752fb98e0a8382def60ecc0b17,db4350fd57ae30082dec7acbaacc17f9,2017-03-10 19:55:13,13.99,10.96
28cee6e32da30679cbfe3da21d2608e1,1,cba233cdf732bfe917cc13a00836a969,94ca168e8bcb407ab85c5da308863027,2018-08-24 19:30:25,47.5,18.43
2904c252504167d25044631cfa95a558,1,f22c9d6ce2431ff939aad39e026cc7ef,c847e075301870dd144a116762eaff9a,2017-11-13 04:15:47,1199.9,34.72
29583d296cc7341cdde689ee5b9f7ccd,1,02fb2d61da1247bf732360ea76b16240,6cd68b3ed6d59aaa9fece558ad360c0a,2018-01-24 15:36:25,110.0,14.5
29c3b79aace1b72a82b1232bf494e16f,1,1dec4c88c685d5a07bf01dcb0f8bf9f8,712e6ed8aa4aa1fa65dab41fed5737e4,2017-12-27 10:15:25,559.0,41.43
2aa8454e751e7fc82eba1192b4e49aad,1,c4c428c423b8dfbfeae8ecd499d9a048,1c5e4e49b9079480255b49d50aac1aa9,2018-08-06 10:24:29,1100.0,73.11
2ac64848de25f6d3a625d04e3ba740ce,1,29427de7f8a9ee983d9dbc51cec569b4,7a67c85e85bb2ce8582c35f2203ad736,2018-02-09 11:30:07,99.99,16.95
2b3c4e25e8edee43a664159df5afa3ea,1,b4df91f3ebb544f655bc35ddc68a85ea,0241d4d5d36f10f80c644447315af0bd,2018-07-31 19:04:26,199.0,57.87
2b99bf6a37b3b643b24ca08289526f96,1,b92421ea3b457d6bb68c49f39d4e97a8,897060da8b9a21f655304d50fd935913,2017-07-13 20:03:17,32.5,11.85
2be4f7f37164c023bcab8f6468685f35,1,7d6ff8668892b298e80202cbb7099272,9c7fd21e0aa159b20da593371f08ff7c,2018-03-20 10:00:28,209.9,19.35
2c5925c8d72a163016e91d103b67ac9d,1,99261353f5a1325e45c9f6e6c81ca0f3,128639473a139ac0f3e5f5ade55873a5,2018-04-23 12:31:08,12.9,22.06
2ce205c58fef8abc5963b6da38e4b2fe,1,62f423e57a8c157d3877ee5867d7db88,1fe5540d7c1c37a595fefbacd5570d9e,2018-08-14 22:15:18,169.9,14.4
2d69f30fc9b478ec8ed398d396218886,1,96d80c8b6c6545a30eb5bdc4961455f3,c9c7905cffc4ef9ff9f113554423e671,2018-05-18 12:52:43,119.99,7.7
2d87440273b7a55a36ee359f29027f83,1,83d3876282836456f2994589e1e39cd5,855668e0971d4dfd7bef1b6a4133b41b,2017-12-04 17:14:55,60.0,8.72
2db2dc20484db2974294a7ef21cc66c8,1,33e77eecc23c25a65d10f627e5053617,a7f13822ceb966b076af67121f87b063,2017-05-08 15:15:20,129.96,29.1
2dea508202fbd39c677502defdef2d21,1,7f98b8ee9f858f69f6e73715c3fe8ed2,850f4f8af5ea87287ac68de36e29107f,2017-07-27 20:35:18,499.9,14.7
2ed35bba35070885f6e0ff68cefe670d,1,9271d2541a43f8db13d164887228a189,5ef131ac72773e5b3f6c0d63cf424657,2018-08-24 04:50:24,71.1,21.14
2f63fa144638f7ade6cb643585538161,1,9739d07ec835e1c66eedb9a6df402bd5,ce69a8021d18961dd2a40269b7c2c293,2018-07-27 13:04:18,91.9,19.83
3012c36a0f6377ec543f931bf33923d9,1,1347d4320dcd0acd750e37bb3d94a918,ffeee66ac5d5a62fe688b9d26f83f534,2018-01-09 04:11:29,129.99,34.27
3030f0e22d19c6ba1366d9628972bec4,1,75d6b6963340c6063f7f4cfcccfe6a30,cc419e0650a3c5ba77189a1882b7556a,2017-11-03 10:29:40,56.99,15.15
31339e08b23bc094968740000fba12f0,1,bf35317e81a1e1477a2256328bce9e9f,cc419e0650a3c5ba77189a1882b7556a,2017-04-12 23:05:09,56.99,14.57
31a9ca81d056ac824459a57e784fcfe6,1,7d7e7f5c80b1d85e3d7054c3dfeee632,fa1c13f2614d7b5c4749cbc52fecda94,2018-06-12 09:29:59,599.9,16.64
322d561e43a3a0c5887b628a62cb69ab,1,6c2fe5434c020b8dbca31fc36b64a2d1,db4350fd57ae30082dec7acbaacc17f9,2017-06-12 15:15:10,15.99,7.78
322d561e43a3a0c5887b628a62cb69ab,2,6c2fe5434c020b8dbca31fc36b64a2d1,db4350fd57ae30082dec7acbaacc17f9,2017-06-12 15:15:10,15.99,7.78
32fb0d2fce3a6ea27205e44ec665e91d,1,b75a056d7d03227c3a3b60e9ccf518c9,3f995f07c49d0d55a99d5c54957f7d81,2018-08-15 07:04:20,59.0,13.07
338cd98c972c8d9b015759974ca7446c,1,c1a97b7dfb03db09a3736bd6f1eb9034,58e4b302b54937e55a678c4d15111da4,2017-01-30 11:09:11,49.9,14.52
33d6fae0e702308c1b1c332b45653b71,1,20518c6950587eb5e8f02dad2fa0d685,aae3bfea055532c57fb453ed3ec80b30,2017-02-24 09:17:34,77.08,14.71
34d9ffa2e1d65d04ef6c8d4265180939,1,3f212fef0e1f11b343226b633f0426df,3d8fa2f5b647373c8620330c4e077a9f,2018-07-19 16:25:18,110.0,23.05
34f1e1534ff3a9055146407b5fc8e790,1,d3c044bd42d84a79e3b0c42662806a48,4c2b230173bb36f9b240f2b8ac11786e,2017-09-28 02:15:50,25.9,7.78
34f1e1534ff3a9055146407b5fc8e790,2,d3c044bd42d84a79e3b0c42662806a48,4c2b230173bb36f9b240f2b8ac11786e,2017-09-28 02:15:50,25.9,7.78
35133d30b32f389949394cf5ce8ab03e,1,8eb72e039f7857d796c5afe824d0c64c,218d46b86c1881d022bce9c68a7d4b15,2018-08-14 16:25:08,152.0,15.37
352c07bd942e2c6def34464d7d84469a,1,d04bbac48960ecb7ea311b00ca6e1cb7,0dd184061fb0eaa7ca37932c68ab91c5,2018-04-12 13:10:08,104.0,14.72
3575f2d00b5591e5462a2fdf78ce6750,1,c4baedd846ed09b85f78a781b522f126,a1043bafd471dff536d0c462352beb48,2017-11-30 07:50:39,89.99,45.09
3575f2d00b5591e5462a2fdf78ce6750,2,c4baedd846ed09b85f78a781b522f126,a1043bafd471dff536d0c462352beb48,2017-11-30 07:50:39,89.99,45.09
36b7b9c89099230dbecdcde16e84c1cd,1,7f064525eaaa1ce9d22c085f7ff5413a,6560211a19b47992c3666cc44a7e94c0,2018-04-02 18:35:18,49.0,15.23
36b7b9c89099230dbecdcde16e84c1cd,2,186fe07c8b8005ec6a498587ffbc1352,6560211a19b47992c3666cc44a7e94c0,2018-04-02 18:35:18,29.0,15.23
36dfa5ee84af8da4fc7f9af242219972,1,6522b16614da30655a6a5ce4c8f2fb8b,7d456afc660226829370f3173d14520c,2018-05-22 13:11:22,72.0,16.47
37267e648017fb381fd8e43ac35fabb9,1,0660211440ed1391f5375fbaa39443b7,c3867b4666c7d76867627c2f7fb22e21,2018-03-14 09:48:19,229.9,14.05
374287ecf047f9180fdb554bc4ae1c1d,1,7814c273ab16783d73a9863ebfa8b141,1025f0e2d44d7041d6cf58b6550e0bfa,2018-03-06 17:30:58,250.0,62.49
382a503d9d9928675c03cb26ea99b262,1,f9f260f8a0d16df18bcc7248495d779c,30a2f535bb48308f991d0b9ad4a8c4bb,2017-08-10 19:55:06,49.9,11.85
384305b9cfec8a62f309b5e5cac920bc,1,20abd285d5491b50603aaea6b4c85e93,25cf099de44674fde97473224f9d59ab,2018-08-14 02:44:28,10.0,12.79
39036e9122762c9b45c239ddbc452651,1,1347d4320dcd0acd750e37bb3d94a918,ffeee66ac5d5a62fe688b9d26f83f534,2017-11-03 02:55:31,129.99,34.27
3917a4e61779a9c43bb9a923ff6ec663,1,ca6eb076f02230568bacc7f8abbb6b5a,5f1dc28029d2c244352a68107ec2b542,2017-02-23 21:20:18,37.25,8.72
3970917d62089188ce154d4cf796babc,1,c6dd917a0be2a704582055949915ab32,7a67c85e85bb2ce8582c35f2203ad736,2017-12-06 10:38:26,99.99,17.95
39897c1c37144a25b897e4d5c98fed20,1,82b73150f90f4fef92913e35b9984bb7,91f848e9f4be368f4318775aac733370,2017-08-03 02:23:19,109.99,16.4
3991f987ebb5686ac2cd5fb69d16d9c4,1,a2c75a23c2f838881dd4275c0cec519f,048c2757535328e0d7dac690ad3c0aae,2018-07-17 08:35:16,169.79,57.96
3a0b207c999d48a7385a3ec9ceb251fe,1,5477e4aa56c945c4c90faca63a98cb7a,066a6914e1ebf3ea95a216c73a986b91,2017-03-02 18:35:11,39.99,15.56
3a2055cbe4a8f77c7d7a861ca36170f4,1,c169014808557ef3fc3783ac1e02c0d8,17a053fcb14bd219540cbde0df490be0,2018-04-25 19:30:57,179.9,104.43
3a6bf12cb580b92b0d58b93fd1a35e17,1,84dd5aaecdb39b406c39de952b13f394,ef30892870c278497523264be1be2241,2017-12-11 21:29:30,230.0,9.35
3ada46ab6e80f69472ec0d7a930fc64b,1,a29c670cb6c4fb685d04410dbbd6d5b2,ce248b21cb2adc36282ede306b7660e5,2018-01-16 20:08:23,36.9,15.1
3b14820d642ea72e95df3289b6539c1c,1,6b82bdfc88a9241c396addd75f5c8baa,213b25e6f54661939f11710a6fddb871,2018-04-06 13:10:21,75.9,19.5
3cfca66bbbea0964771309c7e33f849d,1,cc02ea01817f1cb21e6708bc19f1ee20,eeb6de78f79159600292e314a77cbd18,2017-03-16 15:05:18,119.0,15.94
3d46adb746f95277b8567c00b7bbfc22,1,bdc3291ab242ec1effc8eb0987850268,dbd66278cbfe1aa1000f90a217ca4695,2018-05-15 02:18:11,26.9,8.29
3d48d7055649a7d98f6a19f781314830,1,2400c93fe382bdcd64e277eb723adac4,dc4a0fc896dc34b0d5bfec8438291c80,2018-03-21 15:15:41,70.9,13.86
3d8548cd4cec4412f9007bf10e67b70f,1,60142008404f92c16972d1cb6dd0e3c8,98dac6635aee4995d501a3972e047414,2017-12-04 17:30:31,52.11,7.78
3d8548cd4cec4412f9007bf10e67b70f,2,60142008404f92c16972d1cb6dd0e3c8,98dac6635aee4995d501a3972e047414,2017-12-04 17:30:31,52.11,7.78
3e191ce3f3742cbcfedc1d60b15254d2,1,f77dd338d9f75229a09cbb9a18fd0c9a,1c129092bf23f28a5930387c980c0dfc,2017-11-08 14:45:50,25.0,14.1
41f1032dbed29e923c83317e6468c291,1,d71dee111aab947d8d1216505f130d8e,51702dc2a3e106c76dbff722b5bf0726,2017-12-26 20:13:12,169.9,20.07
438b46304b3217ea878c63aeb5b98f5d,1,5c3aca5c078a343b3b873362e7ac2fcc,056b4ada5bbc2c50cc7842547dda6b51,2018-07-09 21:31:46,175.99,20.42
438f8c9a0abdfdd3401b52e89084c612,1,508d5e8ce8e79bb506f9f0c096b295c4,a7f13822ceb966b076af67121f87b063,2017-02-20 17:50:16,86.96,26.11
438f8c9a0abdfdd3401b52e89084c612,2,508d5e8ce8e79bb506f9f0c096b295c4,a7f13822ceb966b076af67121f87b063,2017-02-20 17:50:16,86.96,26.11
438f8c9a0abdfdd3401b52e89084c612,3,508d5e8ce8e79bb506f9f0c096b295c4,a7f13822ceb966b076af67121f87b063,2017-02-20 17:50:16,86.96,26.11
4393a63adeef0f3e606c78bd143f044d,1,b746f0f77468910428130facb2ee2d1f,080102cd0a76b09e0dcf55fcacc60e05,2017-09-08 15:25:49,42.79,14.1
441cc7b0d0e6268a3d544d7ac4f1fae9,1,b21239d9e018b809f9c5a9707b214235,1900267e848ceeba8fa32d80c1a5f5a8,2018-06-19 02:18:54,54.99,13.97
443038d9ed6b74bc4f7bfa679ce81bf1,1,73bc42701d50d3c0673b38ea8fbe2e32,7c67e1448b00f6e969d365cea6b010ab,2018-03-08 21:35:34,229.99,66.42
445b8011d509adb520744d60fed763d1,1,c55fe8cbb36a1353e443dc9e773b80da,cfb1a033743668a192316f3c6d1d2671,2017-12-08 18:11:09,26.0,15.1
445b8011d509adb520744d60fed763d1,2,c55fe8cbb36a1353e443dc9e773b80da,cfb1a033743668a192316f3c6d1d2671,2017-12-08 18:11:09,26.0,15.1
446634c9e8e8c3a70fef1507c82d5c68,1,2ffdf10e724b958c0f7ea69e97d32f64,4869f7a5dfa277a7dca6462dcf3b52b2,2018-02-23 16:15:48,224.9,35.37
44d4ae94f250aacf9d4a3d0e23d8a4d2,1,44a34214a57dc373dcd80f54c919d006,7008613ea464bad5cb9b83456e1e6a8f,2018-03-01 20:08:09,29.5,16.11
4579bbd75504c2cc0e1a60a69196598a,1,591f652fcfefc35a0e6f10b0371a63e1,891071be6ba827b591264c90c2ae8a63,2017-11-22 15:30:25,129.99,8.16
45f3c6b73e741b9f127da84371a0cd90,1,0aabfb375647d9738ad0f7b4ea3653b1,37515688008a7a40ac93e3b2e4ab203f,2017-10-09 04:28:24,19.9,15.1
45f8bc3f8278f2b2a3e6c843a798763a,1,cb81df0e3ccece253557f2a07df4727e,669ae81880e08f269a64487cfb287169,2018-05-14 17:30:58,45.0,18.23
46bd2b5fe2b3d02d198552cf137c0bb5,1,0705b33fb285827a578fce4899f1b921,318f287a62ab7ac10b703ac37435a231,2018-04-02 22:15:12,22.5,18.43
470bd7c916de78d36c5ed1f1990f1c5a,1,4e2fa5131fc9956bb6a6b9e84b39e798,3c010235b7345c92f125d14ee232a76b,2018-08-21 13:31:09,195.0,19.17
474bc81adb51b57d631c2661d8ad3894,1,371fa349d92646bbeea5873df0bcdc5a,f3da5b2ff499efb8d4a6d371d175d7dd,2017-11-23 07:35:32,37.0,14.1
477d8df8acc3c2b3f1fbb4e41c4f7f32,1,d5ad2be418dec48e9d0c4745e431c384,f457c46070d02cadd8a68551231220dd,2018-07-04 12:49:48,89.9,13.97
483a06928959b498933c3b7efe98a755,1,9fa0c72476690fbc66bcacc498fe7fd6,e2aee0892199b1d92530e371abd825bf,2017-06-08 04:23:12,49.99,12.48
483b20142703235aad52bdf6033346fc,1,99a4788cb24856965c36a24e339b6058,4a3ca9315b744ce9f8e9374361493884,2017-07-20 08:55:18,89.9,12.13
48611dc4b01295b86465757d9c19d995,1,6413f8d0daa3a38887a14917589e7da5,381c83fdca332ea6afd896da20bf6e4a,2018-01-05 07:07:50,105.0,17.98
48805bfedbbbfe75dabe602c05eae895,1,9c8d6227bbe62913ca96217005540fda,ff1e15b778c700abdd4d239b81ac466d,2018-08-15 14:25:17,59.9,15.52
49a8c35e52085c0a43f03250d944f2f9,1,e61bf3c66ce1e3491166b89fd29baf58,cca3071e3e9bb7d12640c9fbe2301306,2017-11-14 12:07:07,253.52,82.86
49b28a42d5f67ef10024f70bd79e229e,1,0383c4d17410e421f6a8b905fb9adcbc,81a1104df0f08b59c68aa5b03cfe398e,2017-10-30 03:49:37,169.9,20.68
4a44cc6468fbb1828cca8e10440a6ac9,1,e53e557d5a159f5aa2c5e995dfdf244b,88460e8ebdecbfecb5f9601833981930,2018-05-07 10:16:38,79.9,13.68
4c761041674866c683398d2c3d0d9163,1,753b222871a937957fc477b1810c82f5,3078096983cf766a32a06257648502d1,2017-12-11 11:13:25,106.8,27.29
4e204da6cc8b59dcfdc532fb5a9281f0,1,2c925b58c178637d60168ac80cf7f836,46dc3b2cc0980fb8ec44634e21d2718e,2018-06-13 16:53:32,99.99,9.23
4e4d9ab79db69a4bd0d79833bfce91f3,1,1632189d4c3d9e64cf3fd110b93f1a19,e5a3438891c0bfdb9394643f95273d8e,2017-12-29 02:13:30,41.3,15.1
4ea517483bf1d3580730f6042334d158,1,a6ad77b15e566298a4e8ee2011ab1255,1025f0e2d44d7041d6cf58b6550e0bfa,2017-09-05 22:44:58,31.8,14.1
4ea517483bf1d3580730f6042334d158,2,a6ad77b15e566298a4e8ee2011ab1255,1025f0e2d44d7041d6cf58b6550e0bfa,2017-09-05 22:44:58,31.8,14.1
4ea517483bf1d3580730f6042334d158,3,a6ad77b15e566298a4e8ee2011ab1255,1025f0e2d44d7041d6cf58b6550e0bfa,2017-09-05 22:44:58,31.8,14.1
4ea517483bf1d3580730f6042334d158,4,a6ad77b15e566298a4e8ee2011ab1255,1025f0e2d44d7041d6cf58b6550e0bfa,2017-09-05 22:44:58,31.8,14.1
4ea517483bf1d3580730f6042334d158,5,a6ad77b15e566298a4e8ee2011ab1255,1025f0e2d44d7041d6cf58b6550e0bfa,2017-09-05 22:44:58,31.8,14.1
4ea517483bf1d3580730f6042334d158,6,a6ad77b15e566298a4e8ee2011ab1255,1025f0e2d44d7041d6cf58b6550e0bfa,2017-09-05 22:44:58,31.8,14.1
4fcf0343be51fc2442adc4af890c8183,1,629397d35e30e4a0b7d3da8bf69be7ca,955fee9216a65b617aa5c0531780ce60,2018-05-15 10:17:39,220.0,13.45
50229fec371aedaedb230fa801638cfc,1,a0cb23ea9b98f51407ac7bd1fcd29c2e,7d76b645482be4a332374e8223836592,2018-01-26 20:58:09,19.9,15.1
5046ecbc1ce636485cc146ddd706a55b,1,7e7b779b89f4a8db5303391167c0377e,b2479f944e1b90cf8a5de1bbfde284d6,2018-03-13 18:30:22,56.99,14.49
50b8c557d8dd265d4417824162c5888c,1,b6f3b8136ba8302906df7e11ff908751,a5cba26a62b8b4d0145b68b841e62e7f,2018-06-18 11:54:36,399.0,29.52
53571e4877460790f5910534d81d533d,1,1cb60c9b90bc722828facc251de1cf94,53e4c6e0f4312d4d2107a8c9cddf45cd,2018-07-10 21:32:06,29.0,18.37
538cce8b584cc6b13e623e781c51b181,1,9a5c3baf8fc729c7332a1523d0f4cbd1,b92e3c8f9738272ff7c59e111e108d7c,2018-07-04 08:31:33,119.9,21.23
53ca14c357e60c77cd57aa96c8f0b4a5,1,acc444eb5ad26f79d5a11baa6a03c439,1025f0e2d44d7041d6cf58b6550e0bfa,2018-04-19 12:11:11,120.0,44.61
53de6ea93af62b738a4db248255fd504,1,c20a3f598c16d77249da67e81caa8317,955fee9216a65b617aa5c0531780ce60,2018-08-14 22:45:11,32.0,8.97
5404828155a6ed66ac6bb53e05525d39,1,557484a8965bdc4e548658239f7663fd,81a1104df0f08b59c68aa5b03cfe398e,2017-09-25 19:04:16,179.99,27.58
542ed9dd96bd38be14a8dfa8abc13065,1,53759a2ecddad2bb87a079a1f1519f73,1f50f920176fa81dab994f9023523100,2018-07-23 02:50:23,49.9,20.99
54544d34fc9df898bc9cf98c1ac24518,1,1fd3bb291e0dba9d6081eb914303993b,53e4c6e0f4312d4d2107a8c9cddf45cd,2018-04-27 12:30:31,26.54,8.88
550c5a737f2d08a5e934958da8fb29bb,1,8c292ca193d326152e335d77176746f0,7e1fb0a3ebfb01ffb3a7dae98bf3238d,2018-01-23 22:50:09,150.0,15.8
55101b36a58251926b6cbfdb540c0461,1,93c902b021a9e594f658ab1b0351602a,2e90cb1677d35cfe24eef47d441b7c87,2018-05-16 21:52:33,103.9,13.05
5564c14d026bf6c92241f070bb98fb5b,1,b84c4c7f1845f068f40e350865b803fa,01fdefa7697d26ad920e9e0346d4bd1b,2017-07-20 02:25:07,118.9,14.56
5729676c9570f1edb39c7a1f01e4e0e6,1,eb551aa4ed7eb5e2839d5b7d2896bece,2138ccb85b11a4ec1e37afbd1c8eda1f,2017-04-20 17:55:18,18.99,10.96
5849d6026e6ef0340a5e699086dbfbc7,1,7cf06eb02a976fb3570fe67d117d75d8,17f51e7198701186712e53a39c564617,2017-05-02 20:45:10,680.0,158.38
594ad966cb8b56ec21f4b3c9b7048505,1,42a2c92a0979a949ca4ea89ec5c7b934,813348c996469b40f2e028d5429d3495,2017-07-05 02:50:33,59.9,17.13
594ad966cb8b56ec21f4b3c9b7048505,2,42a2c92a0979a949ca4ea89ec5c7b934,813348c996469b40f2e028d5429d3495,2017-07-05 02:50:33,59.9,17.13
596428e20f127315255e853fb6f851fe,1,1612209b0b37fbe80e1e8e1b7d19ca1d,87142160b41353c4e5fca2360caf6f92,2017-10-10 03:49:27,99.0,17.94
5a30bac46bd67c48565822b5789c0954,1,89005f5c60b53829a9a617fe5e292221,955fee9216a65b617aa5c0531780ce60,2018-08-07 19:50:13,40.0,9.03
5a909d6376edac123359549cd82341df,1,2c1cc48126c2bdca9e59a300ade4f1c8,850f4f8af5ea87287ac68de36e29107f,2018-03-12 21:49:03,39.0,15.23
5ab86968467c65a96b9a6437e9e83164,1,f49e985b4cb2d0543890d6dd00077663,f62d7bb4a613ec758a03342d46b580b2,2018-05-24 03:15:28,750.0,49.87
5abedb82bfd5944d04bd7e074f189dba,1,5e98b7fecc62c3ebeaa8252269b2d6fe,b1ac6ea7895bc3dd6f0f6f4abbdd2821,2017-12-21 12:58:24,59.0,19.65
5adb752a21287f421571ba1688dafa2a,1,a47a2ff12ffe20f1a2a85fb37d2712ec,750303a20e9c56b2a6bc45cdce0b897d,2018-05-11 20:30:34,539.0,46.7
5b33495590a02d7e9ce6fbdc52f143d9,1,ccec880520770d791d004c9a1ae8b0aa,4992e76a42cb3aad7a7047e0d3d7e729,2018-07-19 09:50:17,29.9,15.31
5dc1a8731fb465da89c147b358e409b8,1,fbc1488c1a1e72ba175f53ab29a248e8,289cdb325fb7e7f891c38608bf9e0962,2018-07-02 13:50:32,119.4,15.94
5e1a8017512badbdf543b509991dba6d,1,e6d3e381889aa6e9d222ad50cb30ac43,b33e7c55446eabf8fe1a42d037ac7d6d,2017-11-08 13:30:28,219.0,16.28
5f783382a74cf95c03c789405c2fb161,1,677ea65357366d30a013af105b2c8a0f,e7f3bf1ecd8526eb7f3b18059e6716e5,2017-04-19 08:55:12,99.9,14.87
5f862e4fe640e66110b40cced6911038,1,186d7d472f062ca6ef30689faa935d2e,53e4c6e0f4312d4d2107a8c9cddf45cd,2018-08-08 10:35:20,22.0,7.41
5fdc1bf5ee308d53a4d93be57828c888,1,b0844a8d883adfd964cc47334177f89a,4aba391bc3b88717ce08eb11e44937b2,2017-02-17 20:21:07,279.0,19.38
6094159cbb1c76bdf3249a954c2da017,1,79863f997e214f8f98c423694c745f3d,a416b6a846a11724393025641d4edd5e,2018-05-24 00:14:56,166.0,15.25
60b276464a67309733a0662e758e9875,1,78120320a8a3d2656f159d513fcb83b6,6edacfd9f9074789dad6d62ba7950b9c,2017-02-18 16:07:08,40.9,15.56
60f0f4f310904e1d0c7d41224fcb45d6,1,8c8cb3d0f2853c44cbf9561c7d93beaa,ef506c96320abeedfb894c34db06f478,2017-08-08 18:10:16,15.99,14.1
61e268eee1d131498001b6121895c5ee,1,2ff17002562478fb03cd44f09e7ca51a,fa1c13f2614d7b5c4749cbc52fecda94,2017-12-26 02:50:42,227.8,18.03
61fb2aed86c91b61373a6d410b30a860,1,a5d22340ec8e3ee661b5f00e64bd3ee7,d1ef48b38baca7e831711c4a0aeb398f,2018-05-10 15:10:22,79.99,27.29
61fb2aed86c91b61373a6d410b30a860,2,a5d22340ec8e3ee661b5f00e64bd3ee7,d1ef48b38baca7e831711c4a0aeb398f,2018-05-10 15:10:22,79.99,27.29
62793c4368ddb047724a9edc96964287,1,c706d50b57c9e83293c2586d01f32445,7ecd59e5e20407131822c1a68ac59c1f,2018-04-30 07:35:24,49.99,18.28
62c6faba9a84c2ac9babd4395fa2345c,1,5360ece40f89cf47f68ec7353fb12d49,f7ccf836d21b2fb1de37564105216cc1,2018-01-29 03:37:25,39.0,25.63
63003bf6e2058e236f3f9ebb2872b234,1,dbd55362ec13c706503b1c71a5068a1a,e24fc9fcd865784fb25705606fe3dfe7,2017-10-27 11:56:21,102.0,10.13
632984d58b2a50f588c4a3c559c1f8f3,1,a5f6ba3fe91a2e73f10b612131cb2404,4e922959ae960d389249c378d1c939f5,2017-07-04 18:25:09,49.0,15.1
642ce735c8fbbe62455426928980a698,1,4b96786612ebe7463132fce2c4dca136,d94a40fd42351c259927028d163af842,2017-11-30 21:37:35,83.3,21.07
64b9bd1556119a5b054cf5baede3fad4,1,7811ef9c6eed5bb33c3c6f9de751642f,d98eec89afa3380e14463da2aabaea72,2018-02-27 03:31:34,24.99,15.1
64c9964d22277d994f527777add3c406,1,6bbe55cf8f85c87b6eebb775a53402f4,0db783cfcd3b73998abc6e10e59a102f,2017-06-20 02:30:18,99.0,9.44
65c6c6e3397b02121a0a14f07514612c,1,909b87db6cb3a7ab26bd03cc59860136,de722cd6dad950a92b7d4f82673f8833,2018-05-17 15:55:48,40.0,17.06
6681163e3dab91c549952b2845b20281,1,7ca5f56188492e30c50ba64de188aae7,d2374cbcbb3ca4ab1086534108cc3ab7,2017-07-26 09:30:22,13.9,15.1
66823322383fb178187b76028b8f8eab,1,a1ca62481619b02ad09535f2b418bb75,4e922959ae960d389249c378d1c939f5,2017-10-23 12:14:12,75.0,16.97
66fc85fce01ca94d68a669ad2f78c035,1,6e415cdc78febbdbe465df65d52dbc19,20a8b0dc55da94fe74d112082427c84f,2018-08-09 12:05:15,49.9,8.51
673426deedf113369fd0f139e97ed084,1,b205c1d9481d550412cbac291356e234,9fe7c6641c79970ab48185498f547c09,2017-07-18 02:10:49,130.0,34.71
676e40056867189a1b3599f3e646f421,1,30a6a74ad9391b95bfc088f875ce8cfc,38e679b9e0064cd94c6f035707344dae,2017-04-12 21:25:08,25.18,15.56
676e40056867189a1b3599f3e646f421,2,30a6a74ad9391b95bfc088f875ce8cfc,38e679b9e0064cd94c6f035707344dae,2017-04-12 21:25:08,25.18,15.56
677b1a4dd9c69ee17aafc0d2b33af06d,1,79be3804af052f5d6a473dfdeaa38f06,bd0389da23d89b726abf911cccc54596,2017-06-16 09:35:21,59.9,25.7
684efbf26d410566cf8506a4ab01bdab,1,75d6b6963340c6063f7f4cfcccfe6a30,cc419e0650a3c5ba77189a1882b7556a,2017-10-03 19:49:13,56.99,14.15
68999281f861381c5d124f1f0805daba,1,e56dc998b3577854c0a62f2cfe328b3d,0eaa7e33d73809f1f925f7d07c506cbd,2018-08-23 03:09:50,189.0,20.99
68e33327507074efed3dedd5d5c5d2bb,1,089a01980b4c58c4183de3b75bd42363,9baf5cb77970f539089d09a38bcec5c3,2017-12-12 00:15:57,310.99,27.02
694c72bb2f8ede1323820186544f9c09,1,70af9f85d8121e98ab6c26d0fc760d61,6df688df543f90e9b38f4319e75a9d88,2017-08-24 11:35:16,17.6,16.79
69667b3cf01cc08504df14966a6b587a,1,06edb72f1e0c64b14c5b79353f7abea3,391fc6631aebcf3004804e51b40bcf1e,2018-05-16 00:57:09,39.99,6.78
69a236fbbc4a603ebfa4468a3bdcb140,1,25d6edcd216a9ee579f19f92d694f7d5,b76dba6c951ab00dc4edf0a1aa88037e,2017-05-04 02:25:24,12.97,20.8
69b7bc8c7cc159eb5edc4ceb96b28c55,1,c706d50b57c9e83293c2586d01f32445,7ecd59e5e20407131822c1a68ac59c1f,2018-03-21 14:31:54,49.99,18.28
69eb4e39c354fbaad34489675c55608a,1,41414ba9bcc97ea83730baf9c9d90adb,dee656f0f566ed1aa85bd137c943f08f,2018-03-08 07:30:24,39.9,11.85
6a09c972c5374c18c043270ddf09b641,1,61ea2822df120991dbcf5814a5e8c675,f45122a9ab94eb4f3f8953578bc0c560,2018-08-16 18:44:07,14.99,7.39
6a09c972c5374c18c043270ddf09b641,2,61ea2822df120991dbcf5814a5e8c675,f45122a9ab94eb4f3f8953578bc0c560,2018-08-16 18:44:07,14.99,7.39
6a09c972c5374c18c043270ddf09b641,3,61ea2822df120991dbcf5814a5e8c675,f45122a9ab94eb4f3f8953578bc0c560,2018-08-16 18:44:07,14.99,7.39
6a83363bccad866b7d3c202dea555374,1,82c51c3938503a4ddc096fbed86428d6,cfe94489ddd337d1e29e12f2a7205d10,2018-05-04 02:51:34,99.0,18.57
6affe3f16752393cba3cabe7d1731a2e,1,7a10781637204d8d10485c71a6108a2e,4869f7a5dfa277a7dca6462dcf3b52b2,2018-04-12 16:29:10,209.0,24.04
6b11abc0295e397afb43aecade82621a,1,428f4b96ba9f630e761b333673039ae6,3ade81dab5a172b88e1871c28ae05260,2018-05-15 04:15:14,169.0,48.04
6bc41d476dba28c3fc6929b6dba6cd4e,1,f9cce45ac1d0fa42141d4dfb90bc3b14,d1b9d4be4b6f9ebd85f8acd6745ba612,2018-02-08 02:52:41,56.41,16.83
6bc824157c599390bc2e129920bda169,1,e06f99e79036d681effa3de75989bf22,6560211a19b47992c3666cc44a7e94c0,2018-07-23 21:15:11,59.0,15.51
6c12026576c43985a49fc784c5e62b6b,1,eb8c629f70275fd1c4f809116cce1efc,1025f0e2d44d7041d6cf58b6550e0bfa,2017-11-17 02:55:32,38.4,9.34
6c5eb0920626d3ff5588d03d6f2d4936,1,e5eadf9be70a4a9fa514019542fc330a,4559697a8f7e637227c2eeaed843baff,2018-03-22 03:08:57,69.9,57.04
6c7e8d67d9bf60c5baf05bb0193b4908,1,92b6bcc1131f89babfad92a21eee0c65,16090f2ca825584b5a147ab24aa30c86,2018-08-17 03:30:33,102.49,13.38
6cb2000475274ad7e94d1e64f840e907,1,d04857e7b4b708ee8b8b9921163edba3,9f505651f4a6abe901a56cdc21508025,2018-06-22 02:54:55,67.99,16.67
6cd1a4eb4b9a14b5a991a897f096d443,1,f7a17d2c51d9df89a4f1711c4ac17f33,f8db351d8c4c4c22c6835c19a46f01b0,2017-06-08 18:30:19,50.9,11.86
6d15ab11184942cfb824b1946fc00aee,1,a4973d5ec3762f17b42d73f0326c7169,e9779976487b77c6d4ac45f75ec7afe9,2017-10-24 18:06:08,49.49,8.27
6da03ff3a2192306afabb2c8afb92c5b,1,8c5de6354d95c9a3cd8243bbab60d301,dd2bdf855a9172734fbc3744021ae9b9,2017-08-25 14:55:14,39.9,14.1
6da03ff3a2192306afabb2c8afb92c5b,2,8c5de6354d95c9a3cd8243bbab60d301,dd2bdf855a9172734fbc3744021ae9b9,2017-08-25 14:55:14,39.9,14.1
6da03ff3a2192306afabb2c8afb92c5b,3,8c5de6354d95c9a3cd8243bbab60d301,dd2bdf855a9172734fbc3744021ae9b9,2017-08-25 14:55:14,39.9,14.1
6db0c63234f0e11e06c202b613a62f41,1,e9b2560544c293e02f2b966041e10f24,8e2b3afb420011ef0c88c9d5f11ea526,2018-02-04 22:13:19,144.9,12.22
6dcb51857ca646a4809ea67184d43e46,1,4724ffa427f315c485e39b02e21859b2,955fee9216a65b617aa5c0531780ce60,2018-04-16 03:50:01,12.0,7.39
6e228f845ad0d104a3e3c343dbfd0c19,1,55ec10b39713ee81ee2c5bcb558cf866,e5a3438891c0bfdb9394643f95273d8e,2017-12-05 09:49:26,13.3,16.79
6e228f845ad0d104a3e3c343dbfd0c19,2,bac2d18d169f029e0721b8aca9c8f269,e5a3438891c0bfdb9394643f95273d8e,2017-12-05 09:49:26,13.3,16.79
6e2cdd89bd171bd4572aaa9535c4a202,1,be1c4cf8a2d2aade623eb7a646d2a0bc,1900267e848ceeba8fa32d80c1a5f5a8,2018-02-05 23:54:54,70.0,16.25
6e2e27bb92034101c8873f0c3555ab5f,1,997821c0ede235a8ed07670ce57a8d86,ea8482cd71df3c1969d7b9473ff13abc,2017-11-23 16:30:26,27.99,7.78
6e59250a3263ec525190b4625db82da6,1,b623b7cb05ee3248fbe4a6ecbeed79a4,7aa4334be125fcdd2ba64b3180029f14,2017-10-03 20:35:18,74.8,17.77
6e68db908b8a2902c4f8309e1c1cbe3f,1,9ad536de496ccba6e4a9ac7be933ad9d,7ddcbb64b5bc1ef36ca8c151f6ec77df,2017-11-13 08:45:58,494.99,19.71
6e89356727f542ba8a963e10646a889c,1,fbd2a9aa1f115244e2ce115ad8eacfca,293dee954235e4e4e43f129313625ebe,2018-01-16 10:09:47,22.99,28.75
6f209510f34ce1a8c89d11273039981d,1,c7fd13b5e515bffdab855d0812842edb,1025f0e2d44d7041d6cf58b6550e0bfa,2018-05-17 10:12:15,40.0,11.42
6f54535f38d19e0833f980e4604081a3,1,67aff847e5cccbb062dde92b68122879,fa1c13f2614d7b5c4749cbc52fecda94,2017-08-10 07:45:12,579.9,29.34
6feaea9098fb736023b2e4bc246ba7fb,1,6f3b5b605d91b7439c5e3f5a8dffeea7,4869f7a5dfa277a7dca6462dcf3b52b2,2018-05-02 03:51:19,145.9,18.9
707ce8d2f93336ab1524c11cdb659bec,1,927c2974fc11ccce0fcd4910175f6ca0,3492e68f37fd1df87f4f2f2ea247f445,2018-05-15 03:31:53,39.99,18.23
7087ff1aae165d854e41219173c9b930,1,0b0172eb0fd18479d29c3bc122c058c2,5656537e588803a555b8eb41f07a944b,2018-02-21 19:06:32,24.89,15.79
7110f0eeece3a706f92c964efb204e57,1,87a9ce65cf1cfe4f8a81d3c25f0b8874,66dc1b1632bd6a3e508510c5b3492107,2018-04-25 02:31:41,79.9,13.0
72c215040979a13fe5e07708ae8b326c,1,42eeafd44530254139fba96265b34a17,3c4e0452bff7a2a788179488d3d77032,2018-03-19 15:31:43,39.9,26.99
73596e67516934a7fe64cc6ca6d75545,1,377d0ea8bb2c8365af0b1519223d324a,d3674f271c91f824f82d24d92011f669,2018-06-20 20:31:43,39.9,22.21
7368d87533725a6bef612cdc83678f4f,1,b47f7c9903cbd0bed2968a1b4cd21ed6,903037660cf848a717166eb7a06d616e,2018-04-05 13:08:40,99.99,18.28
7368d87533725a6bef612cdc83678f4f,2,b47f7c9903cbd0bed2968a1b4cd21ed6,903037660cf848a717166eb7a06d616e,2018-04-05 13:08:40,99.99,18.28
73ee5d9bf5f571053d72b662d6011341,1,a5eb994011cc41631b483ed58190bc61,1dcfa3835714681d4ba4a93bc1e0fd41,2017-10-23 01:35:13,79.9,16.19
7416b68f6acd9fa1b73d37eafcf94975,1,0e56789eca7cb6089cbcb26cdae08012,79ebd9a61bac3eaf882805ed4ecfa12a,2017-12-18 03:37:37,19.9,15.1
750a04aefe91727a7ab2b2d3f2beba3d,1,e4d325bd1eea550509bdbbc5c3301fc1,7178f9f4dd81dcef02f62acdf8151e01,2018-03-15 10:09:27,349.9,21.42
768e562205a3f907b620aa6f945f596c,1,25e2023ed83352bde98dc1490d14c3d8,ff1fb4c404b2efe68b03350a8dc24122,2018-07-13 17:45:43,99.0,18.79
76ae7f8d0104f4808d4a93f4b81661d7,1,c5e31bcea566d7f28ebc011e9fee182f,1835b56ce799e6a4dc4eddc053f04066,2018-02-08 13:20:32,48.0,11.85
77ac5289e1fb34a1b4236cc77bf62866,1,f1c7f353075ce59d8a6f3cf58f419c9c,37be5a7c751166fbc5f8ccba4119e043,2017-08-09 22:00:16,205.0,24.81
77acb3b32ab623aaf525b52006d0c142,1,6d1d59f6e7b7de39bfa34f32d9ba8cf5,85d9eb9ddc5d00ca9336a2219c97bb13,2018-02-06 16:38:31,27.9,15.79
7827425b5eac9f9df63f65d9bb7f6a25,1,e0d64dcfaa3b6db5c54ca298ae101d05,fa1c13f2614d7b5c4749cbc52fecda94,2017-11-22 18:15:46,249.8,19.03
78ccc8b2b91842cf16b56d474d8c8480,1,679a3e5e1d2bb68982be5734c6e55e63,8a130737016f838139d31878787a39c9,2018-03-05 09:29:35,54.4,16.14
79177aaac7c3c0dd8e8a84db027512a4,1,550dc4417c636abc04c71404342de695,25c5c91f63607446a97b143d2d535d31,2017-10-25 03:15:05,149.89,18.3
79177aaac7c3c0dd8e8a84db027512a4,2,550dc4417c636abc04c71404342de695,25c5c91f63607446a97b143d2d535d31,2017-10-25 03:15:05,149.89,18.3
7955ebc3660bd2a004a4eaa016b3a190,1,f9e5efb845b51d764b06f149eb99fc7f,b92e3c8f9738272ff7c59e111e108d7c,2017-05-29 11:25:12,59.9,17.67
7982cd132de6a47ae472689085239b83,1,a412a4cce5810a2d4fc9ce36664a929b,8581055ce74af1daba164fdbd55a40de,2017-11-20 12:10:42,75.0,13.08
7a18fea05bb2617bc74ee0bd1009c0c7,1,420921e97463577fd5cc62c687d90bca,53243585a1d6dc2643021fd1853d8905,2017-10-04 20:07:09,283.2,10.55
7aa2471c1e8d0cd89eec9459fde59414,1,122f396fa6d0f9070c6e721f8d833d2b,50c9975695009e5e6473912e83a6d1da,2017-09-26 02:10:42,81.0,42.71
7c9c832fe99dad4a802af290889522e5,1,765b63a4eca4a8eb59229f3e2be4b21c,34056b8b55c1775a22af2331670a799c,2018-07-31 02:44:34,118.8,27.78
7cd0da49ecd223041fb8f6f8de488314,1,ea44caac707f7f1325182a538007f838,855668e0971d4dfd7bef1b6a4133b41b,2017-10-03 00:49:48,50.0,17.6
7d3c4b4fac234f9e6d4f11b87cbbfeaf,1,ac8d637154b9a2717786c0f933d4c7da,c9c7905cffc4ef9ff9f113554423e671,2018-06-20 21:58:21,79.99,19.75
7d5ba597429574dce3200b4b20686641,1,4025cbfac798d74f87c30ee87e6e9f70,d8c7ba53e7e38711eaef8c2849d6d2e1,2018-06-20 20:31:04,117.0,29.35
7d69596773fda163751de780f18ad9f3,1,63649d34b09e8bbcc41a6e770d9be55d,99002261c568a84cce14d43fcffb43ea,2018-03-22 14:55:24,125.0,46.22
7d7a6cf235917cb4b46fdce40d607758,1,a564f50791e1677ddf2801fe1e8365c8,4e922959ae960d389249c378d1c939f5,2018-05-17 09:50:55,98.0,22.4
7da4f8ec54a78572fcce6797f62cf1cd,1,e91ff7c20ffce75705b28b2a7e7586f1,a63bfbaa882c8f4542891b4e2246cc7f,2018-07-30 14:44:39,1090.0,20.2
7e8533d7ec832acab2a8cf3b8c13dff9,1,dca8cbb1c9d8a2db0fbc0c36b8d1a7bc,6560211a19b47992c3666cc44a7e94c0,2017-11-17 11:50:27,89.0,15.37
7ebe19943d85e81a7b0eb108681276b7,1,9d32095f76b97762307e86cfc18dd7a0,391fc6631aebcf3004804e51b40bcf1e,2018-08-01 09:03:37,49.95,19.13
7ebe19943d85e81a7b0eb108681276b7,2,87d780fa7d2cf3710aa02dc4ca8db985,da8622b14eb17ae2831f4ac5b9dab84a,2018-07-26 09:03:37,119.9,22.96
7f61f0eeb7f603d49e02f6b2a7b709eb,1,4c505e52bedf9651c08793647c925e65,1835b56ce799e6a4dc4eddc053f04066,2018-04-09 10:28:48,35.0,12.79
7f7b0dbca9d4f3fe1e1bd04866499f8d,1,53759a2ecddad2bb87a079a1f1519f73,1f50f920176fa81dab994f9023523100,2018-02-12 04:31:33,49.9,17.6
7fc5a454137fbdccd41c504de3b62f71,1,804276969fd6adfcfb9c9dcbce2fe8ec,c3cfdc648177fdbbbb35635a37472c53,2018-06-28 18:18:47,255.0,28.77
80c4a8fcf4e47aff10048cb8bdd0bee5,1,a2446206efccf04cc7fd1511be0ee157,a888faf2d1baececa6baf9c3d603ee1f,2017-04-14 18:33:51,279.9,17.66
81edaf58687cb71cecc077db78dd57ec,1,703d742887bb9267f89b675608ba7aa0,640e21a7d01df7614a3b4923e990d40c,2018-06-21 22:58:54,56.1,19.58
833c7c18fb30f61e0d89316ff562c1a8,1,bfc59c5d8a26d129f82fbc5207fcd676,12b9676b00f60f3b700e83af21824c0e,2017-08-03 19:15:10,199.0,25.94
8374f35f0981af1a2b2ebc5cc5ac9859,1,36f60d45225e60c7da4558b070ce4b60,88460e8ebdecbfecb5f9601833981930,2018-02-21 03:07:49,67.9,15.23
83ea47ad24b5fce57aa5ade0fd069c94,1,154e7e31ebfa092203795c972e5804a6,cc419e0650a3c5ba77189a1882b7556a,2017-10-06 12:49:12,23.99,34.15
8413ac0b09301d03b78adeca5840866f,1,e67307ff0f15ade43fcb6e670be7a74c,f4aba7c0bca51484c30ab7bdc34bcdd1,2017-05-15 21:55:24,18.99,15.1
849463e6f473ab9f22655e71ed57b5e8,1,b5e13c9a353102f79c6206ff5cb61a50,a49928bcdf77c55c6d6e05e09a9b4ca5,2017-09-12 21:55:15,79.9,20.96
855f884557e71149b525fa5fd8bf8a30,1,29427de7f8a9ee983d9dbc51cec569b4,7a67c85e85bb2ce8582c35f2203ad736,2017-07-07 20:23:45,99.99,16.95
85b743affe05265f325748dc00ca7e12,1,40f999464ef29d2a07cfaca1eea4c210,4e922959ae960d389249c378d1c939f5,2018-05-11 16:52:30,59.0,7.87
85ca51954c545536cf77a680afe11969,1,7f8bacbe759179781b50331ea609f7f8,d1b65fc7debc3361ea86b5f14c68d2e2,2017-06-07 11:25:17,329.9,18.07
867a96f5ffe70eb3e90140ff7c81cfc6,1,407729653f67fdfa6e588c6b0853edd7,ef506c96320abeedfb894c34db06f478,2017-11-01 08:49:19,25.99,17.63
869534408eb028640def21e75630def8,1,388a6943ef1d99b81f642a0137bfa5da,cc419e0650a3c5ba77189a1882b7556a,2018-03-07 10:09:42,94.99,15.41
871294c2faf8ee65dace13b21512735a,1,9db0afe3dcd2942f8bef6f7195b9a2e1,b8114f2f589a6804810f04f99b36b498,2018-04-10 16:28:28,161.42,13.03
8734071c7bfc4d453e59546b22c5ce0e,1,ee0c1cf2fbeae95205b4aa506f1469f0,cc419e0650a3c5ba77189a1882b7556a,2017-10-16 11:05:52,53.99,21.18
87c30aa444c21f77f5dcedb637f9ba85,1,3e824028352cd013af85473283f832ce,db2956745b3a8e9f3785c99f34b5d25e,2018-06-15 14:33:01,210.0,20.44
882dd62cfb645823fd2fe550592fd4fa,1,5fc3e6a4b52b0c414458104ed4037f1c,229c3efbfb0ea2058de4ccdfbc3d784a,2017-05-29 20:55:20,89.0,12.75
884f74c6b1d625c13e1ef12d7314a2a9,1,a6dc9ab5ad94c307903acdc50a106a5c,7a241947449cc45dbfda4f9d0798d9d0,2018-05-03 12:55:32,149.0,18.87
89516fb171dee556ef586436687315ff,1,ff39fa912acf02a733de1b0cf84e779e,af3ef48d0e13835e529c29ac573c63e5,2018-06-18 10:21:21,53.84,13.04
896a98eb2680bdc1b1f621e02c6b9d08,1,29fd9022374ff3fef2e8f82c39b4133e,4a3ca9315b744ce9f8e9374361493884,2018-01-30 10:16:27,69.9,16.25
89c79b8e224ee3fb7c73bb47b6074891,1,e073574bfbfbdfbe59454d8474cad673,3d871de0142ce09b7081e2b9d1733cb1,2017-12-27 06:57:45,79.0,19.79
8a096b1a1ab9573d96ff53df946afc68,1,8657986fc307b1b749c57763b90795f8,ea8482cd71df3c1969d7b9473ff13abc,2018-06-18 02:32:36,28.99,18.3
8a3d5a19acc2106e0567b04a904c8726,1,a710be5818329b097a82bb26b480f5fa,54a1852d1b8f10312c55e906355666ee,2017-08-10 17:55:17,59.99,16.86
8a566c8bc5098ea48be7ea4929c5993a,1,42a2c92a0979a949ca4ea89ec5c7b934,813348c996469b40f2e028d5429d3495,2017-05-26 17:30:22,59.9,11.73
8a795486f112df15565463862960aa40,1,cebff45f1d1558430be0e07ac0df6a68,c003204e1ab016dfa150abc119207b24,2018-05-24 09:30:47,95.9,11.3
8b31141d6a9f3bb71baa36281157a9a8,1,236634fd768c822b130b6ccf325e4c13,11bfa66332777660bd0640ee84d47006,2018-01-11 13:58:24,32.99,13.37
8c2fd1f7359cea19f4ec43436b8850be,1,c664c542e1b5e86f3d912200595894c9,b2f4d63c7203f539a78252565ca32257,2017-09-13 22:30:20,14.9,20.84
8c3b7297f4d519ec5e4dc1f72b6165b1,1,64d33e6bd1b905a31c2f96f584e6a0c8,ea8482cd71df3c1969d7b9473ff13abc,2017-11-30 16:31:20,27.99,7.78
8cee1e77f3ff782a0f7fc304065941b6,1,4c6aa2718ddd58a52cf181ad9e7ab24a,87d30a6a0cbf89356e49324971ab1d24,2018-01-16 03:35:23,99.9,9.51
8d82989b46a15271fe364e6492758722,1,e95ee6822b66ac6058e2e4aff656071a,a17f621c590ea0fab3d5d883e1630ec6,2017-10-24 01:46:05,21.33,15.1
8d9c47d02bd99ae8d7dd151ededa9281,1,f74353ffeaa55836a3cf603a2dcd855e,bb7a14e229b1c95156719c3d9552eeee,2017-10-19 17:56:24,388.5,27.47
8ef664ca9ba580dbcca88364ae0f2dca,1,2de20a6b025cc5339c07c88aacbbfffa,7c67e1448b00f6e969d365cea6b010ab,2017-03-30 17:45:15,43.99,10.96
90de07e389ed6cd973ae93d5b36f159c,1,84003eefe52bb4112252409a24ae3a73,17e34d8224d27a541263c4c64b11a56b,2017-11-24 18:14:29,145.3,21.51
9109f2cca26d92ac4e064bb93da37c74,1,41bdbb38ef223fae4cae15d6ffb0ce5b,c68fb906c8f4b4b946d8386bfa6e5467,2018-07-26 04:15:18,183.38,27.58
91375775b1203d41f95ade228721b3a5,1,d34ec3c23c142291062f958688a1b41c,dbc22125167c298ef99da25668e1011f,2018-05-10 13:31:37,54.54,22.96
9236b5f6966275539861284a31b94efe,1,955129b53464486f9f93074c64b2bd88,499ec63c58e51296c9cf57edcfe1c8a8,2018-05-24 00:25:53,75.0,7.39
923739f2c3d4519a00bfcaaed30723d5,1,dd768d259ee6054e0dadd66c8e2be0b6,1900267e848ceeba8fa32d80c1a5f5a8,2018-02-01 11:16:02,29.99,15.1
938cf33aaa64536379e72993eab4cef2,1,19c91ef95d509ea33eda93495c4d3481,06a2c3af7b3aee5d69171b0e14f0ee87,2018-08-28 04:10:21,122.99,30.11
93bed0379e664bd3651c25c95358787b,1,629e019a6f298a83aeecc7877964f935,c003204e1ab016dfa150abc119207b24,2018-04-18 22:35:15,109.9,34.31
93d3acc57bd28d53e25e2624c13c470d,1,423b46d7ff817b1cd19ab195c7b76546,6560211a19b47992c3666cc44a7e94c0,2018-05-25 02:55:12,55.0,12.83
9435ca5afd4668e55d0dbd99c204b42b,1,e59122e4d747d525e21da293568a36df,de23c3b98a88888289c6f5cc1209054a,2018-03-05 10:30:33,99.0,9.51
9447715ad192d3c877e9dd56205c66dd,1,5cbd407f3315b628a89206fbc140f6c8,d12c926d74ceff0a90a21184466ce161,2017-12-27 09:51:46,19.9,11.85
94a475eca54dd55d7b506fa56a0e1695,1,9d60109d64bee97e7112ea96e57992dc,cab85505710c7cb9b720bceb52b01cee,2017-10-26 07:49:11,39.9,15.79
959505aeccc35d003ab580410022f433,1,ca5c923962558430573f83661dbe36d6,66922902710d126a0e7d26b0e3805106,2018-07-19 08:26:55,105.0,18.54
95cf53396116b5dd518b5ba1c11a0bb5,1,c5a00e7e34e45fe4c79a38d102248b48,70a12e78e608ac31179aea7f8422044b,2017-04-27 19:45:10,59.0,17.84
96f08e1a226e8be6f46542c2d6567377,1,0a74b9407eaec9d6c760a1e92c10d96c,f41ce2e25237f9092cd8e6e7516c7a2f,2017-07-19 17:50:20,90.0,16.39
96f182413ae321e91ee91f3e422c6416,1,4e0d01d5e5e4bd454e71e7cd1491c052,a416b6a846a11724393025641d4edd5e,2017-03-21 15:54:53,76.49,15.3
97d3870e43e40f4dcac70eec95a6b146,1,a2105c8c0d5d99dbc5a2a9ad94321e5c,0dd184061fb0eaa7ca37932c68ab91c5,2018-08-14 12:35:24,99.0,44.61
983ce15c5ab539ffcf3ac3b386133a35,1,946344697156947d846d27fe0d503033,1835b56ce799e6a4dc4eddc053f04066,2018-05-14 18:14:26,29.99,12.79
9879f1f661af3ff5f2e4e9e65ee661fa,1,4298b7e67dc399c200662b569563a2b2,e9bc59e7b60fc3063eb2290deda4cced,2018-05-07 05:30:51,139.8,19.95
99010278c2b3874e0f208c91587975d8,1,9523f1a3e7db9e38d55379435bd450c9,834f8533b2ecb6598dd004ff3de7203a,2017-06-07 19:10:19,134.17,13.49
99e4bed65a545aa74dfbdfe233f052a5,1,4c2065301aac51ff9004422acc07765d,1127b7f2594683f2510f1c2c834a486b,2017-06-30 11:43:25,98.8,17.94
9de85e24940c7fd91ec9ee1dd540b3cf,1,9c0f79b9daf5436386477b4e17b94389,1025f0e2d44d7041d6cf58b6550e0bfa,2018-05-13 21:14:01,150.0,7.91
9e1c9e249d55ea95fe0f9510c2e47862,1,42f25a7251d847a86c1849731bf166ff,7178f9f4dd81dcef02f62acdf8151e01,2017-09-22 03:06:08,139.0,16.73
9e24613b913b312f009ec05b56b339d4,1,edc388b2ba34de112c918ddcd465f5e9,2138ccb85b11a4ec1e37afbd1c8eda1f,2017-05-11 16:30:20,39.99,14.52
9eb4c52cf0399fb41b3e537d6acf99e0,1,62c89abe1afe3a23c17765d462718a4c,fe2032dab1a61af8794248c8196565c9,2017-12-15 15:49:02,233.0,10.45
9edcbab43a1784c6aa3737a7f2fb5dde,1,91b08d34d0ba4db44da2dc382867ba49,b76dba6c951ab00dc4edf0a1aa88037e,2017-02-23 16:20:02,6.9,15.65
9ef921f5c09cf02012029e4660e4ddce,1,70d105fdaaef81ef28419e11afe0372c,3b15288545f8928d3e65a8f949a28291,2017-12-04 01:10:01,129.99,18.16
9f632adcd34b1ead76a916ea1a887c9c,1,88794547776aa78fdd4b28bfd90c6469,2b3e4a2a3ea8e01938cabda2a3e5cc79,2018-07-12 11:45:32,189.0,13.98
9fa20203d1957233d3ed303707a1b597,1,cc02ea01817f1cb21e6708bc19f1ee20,eeb6de78f79159600292e314a77cbd18,2017-03-22 04:03:39,119.0,20.91
9fae636d2c51d2a8feb6734c92aa131f,1,439da204990600ea973a60cfb05fc71f,23d7c96d4a1160db1c726b248601b25a,2018-06-05 00:56:16,189.9,18.24
9fe311dd7e1b6943bed63fd01c7e5829,1,cebff45f1d1558430be0e07ac0df6a68,c003204e1ab016dfa150abc119207b24,2018-08-17 03:31:12,95.9,23.47
a0325a9eb3a1eb5e4a83facd8937ebbe,1,c31ab3cbecdabf9d526d56d47a26c21a,238fac594e170b59c6d228f5a4f4f1d9,2018-07-05 23:49:51,59.0,22.23
a032ccc7ae1c571488bce168f110cdfe,1,aa280035c50ba62c746480a59045eec4,fa40cc5b934574b62717c68f3d678b6d,2018-04-26 14:30:53,35.9,11.89
a1bec8f10a79152e439c5133f404c772,1,ad7c531c2001111873dcfed9d8317439,7a67c85e85bb2ce8582c35f2203ad736,2017-08-17 11:23:42,59.99,16.67
a575e7dee2aa0e8876e2e8a1a3bdd644,1,52875639c307f1a60e501898dcf12a4a,bba74270a87732727b5a3b4fd9ac1c39,2017-11-22 22:15:31,399.99,19.05
a5a1cabede9ba7b85cc04f0c65bddb88,1,0a18ef4868095d4c83357e58020e3397,6a53b90c3ad9e0b56d9fe5c69165fff5,2018-08-09 00:25:16,19.99,9.27
a5a1cabede9ba7b85cc04f0c65bddb88,2,0a18ef4868095d4c83357e58020e3397,6a53b90c3ad9e0b56d9fe5c69165fff5,2018-08-09 00:25:16,19.99,9.27
a65f65e30792ce1c3492008e544cd0da,1,a41d9e51c365f6e2f5eb1f98fa4097eb,0ac4201fda2c68ebc0e47cb9423cf3c9,2018-04-16 23:15:21,39.99,37.04
a65fde0b04e8ca23f84e79c9935e3b93,1,d5d7ab11292e030edb97398b69235779,0c7533c71df861ec58ad7ff999ed0e8d,2017-12-06 02:24:18,6.3,15.1
a7c8f80297142bb722fe6d1bda6f5fe6,1,01bd9be7c04525d23a4a901b4abbf56c,7040e82f899a04d1b434b795a43b4617,2017-12-04 21:51:24,159.9,19.42
a7d88dd59dbc3b0239f9284e1d72ff84,1,046cf43a5b63303b3c3c4ba076d1d732,b2ac621f0d0322434d04a12b078b9369,2018-03-14 22:08:23,114.0,17.51
a8018f7036b3dcfcc01cc763547c475e,1,c6745a1ce132f8dc5f38829c6fb67eba,e9d99831abad74458942f21e16f33f92,2018-04-02 09:55:16,35.99,8.29
a9d1327838b1c183fc288f0d2bf23d32,1,1e291c0c369924c39765c90de669e4b4,2a84855fd20af891be03bc5924d2b453,2018-08-14 10:55:11,149.0,24.73
a9fd47117c3f6b4e72456d5331e2bfb1,1,f2b67cf6ef88cbc9c2f3e482f558b318,3c7c4a49ec3c6550809089c6a2ca9370,2018-02-07 15:31:34,99.9,12.2
aa0c9cd6b1097927c4caae58b28e5361,1,914c9e9af640dd56f48764a225b00f89,7c67e1448b00f6e969d365cea6b010ab,2017-11-29 21:46:07,78.98,39.48
ab96ffdb4db7fa3807bfb7a512f2f519,1,657aa59c6c58816ddc4f86c51a2759c9,f615fe7efbef0f4f08fd3086bc7a3e60,2017-08-24 22:34:58,128.5,12.85
ac730ec54a5502ff2a207c2f485f3d83,1,0c5b17c1b54fc1dc48752ddb8caab6fc,2ff97219cb8622eaf3cd89b7d9c09824,2018-08-17 11:05:16,69.0,14.06
ac7be03875c6dcaf9cbe029dceeaf54c,1,ae5cad88462eb7b7b61401e31c45618e,ce27a3cc3c8cc1ea79d11e561e9bebb6,2017-08-21 22:24:25,15.0,16.79
ac8f8ad86c151ccd10a699a6a153d6c5,1,1c21c1ed398eae61184065889ca3d4b0,a3e9a2c700480d9bb01fba070ba80a0e,2018-02-22 17:46:48,69.0,17.73
ad56333a7f58e14fd80c621db8f6e89a,1,f6eba18c85e97922a606efd9b6455890,3092c0b297aacfb4bb6e056ebe13b9b8,2018-03-22 13:15:37,69.9,17.06
addd750cdd1e291d03ffa31e89eec86e,1,b5500cdcf54793ca1dfbd654bdfbc20a,06a2c3af7b3aee5d69171b0e14f0ee87,2018-08-30 18:25:22,119.99,63.09
ae8e71cc131340d44221ce1ad4a31867,1,03e4e6709b7d6415746769c0bc3e9131,406822777a0b9eb5c50e442dd4cd3ec5,2018-02-27 20:09:31,59.9,13.44
aee1ebae09f6d91ca6a459bf47b14072,1,a62e25e09e05e6faf31d90c6ec1aa3d1,634964b17796e64304cadf1ad3050fb7,2018-04-17 09:11:51,105.0,16.7
aee7414ea78fbc7601f88ecb530038aa,1,e9b3cf27d68caa64832c4a7c460abcb9,7d456afc660226829370f3173d14520c,2018-02-13 18:15:00,160.0,17.37
aefefdda7b7a272ca35c44b82b643104,1,f177b434709ecb652dbee4f4b19aef2f,d98eec89afa3380e14463da2aabaea72,2017-10-09 04:05:06,29.99,31.02
af6dbf659dbbf1932943adf2a2f6da6b,1,00faa46f36261af8bbf3a4d37fa4841b,b372ee768ed69e46ca8cdbd267aa7a38,2017-12-18 14:33:52,270.0,18.33
b04b1c55d37f9d6fe803eded0d11f936,1,ad938d3b79856582ace5b311ab864826,1554a68530182680ad5c8b042c3ab563,2018-04-10 09:15:24,75.9,20.92
b0ea87e8402211c896c8d6b4b2001c7c,1,7ad1818fa5f8a28faf8844aec3b3f540,6a51fc556dab5f766ced6fbc860bc613,2017-11-16 23:10:26,229.99,27.93
b526245df7becef98d5b08c6350cc53e,1,485977d79fe47209050d22d220aaab7f,0176f73cc1195f367f7b32db1e5b3aa8,2018-01-19 18:11:23,139.9,47.69
b541ddf0b037dc357b232eac15bca4a7,1,2c24793fa7743021c907ec930fce14b9,c4b911d06343b21dd906651f8101cb49,2017-11-14 20:06:53,32.99,25.63
b5fc960abab37371da1c03614f4f53f4,1,35ebf08a93899d44e756809e11b14754,128639473a139ac0f3e5f5ade55873a5,2018-05-03 13:30:28,15.12,12.76
b6403787453855be6332055dc2d6bde9,1,2a15783d3cb601f8d9a6a86806b037b3,855668e0971d4dfd7bef1b6a4133b41b,2017-12-26 10:31:29,60.0,16.18
b6bf0977a04c2f3b84bf63aa0d308b5e,1,b99e4f4fa3f421e0ffbd512d9f152dec,128639473a139ac0f3e5f5ade55873a5,2018-03-07 15:10:31,19.9,16.79
b6d9338eee161115391cb4c93bb1a0fc,1,5328338cfaa16ba10561cd970c73ca11,12b9676b00f60f3b700e83af21824c0e,2017-07-27 06:45:25,199.0,20.63
b6dfaa6e9eb8b7356276c90969376f51,1,cdc7f6db2a3e3050a31fd7e7f3eb026b,f0b47fbbc6dee9aafe415a6e33051b3f,2018-05-29 13:54:54,59.99,8.88
b78da14c140496aa8b460e0822009d59,1,32a34bd511db826f5e715e0d5870cbbe,7d76b645482be4a332374e8223836592,2018-03-01 10:50:53,18.9,7.78
b7dc8c5296b448a5ccebf0c992c09f86,1,1fce7b244f4a45431713165a869f5f32,17e34d8224d27a541263c4c64b11a56b,2018-02-01 12:22:21,150.98,16.82
b8730b40b8f9bf7c1d557c083f82a682,1,72d3bf1d3a790f8874096fcf860e3eff,0bae85eb84b9fb3bd773911e89288d54,2018-03-30 16:15:21,42.49,19.32
b918857b7289075da14325e369374e4b,1,b12b0d3152f2b6de0f82723bd656c00a,430315b7bb4b6e4b3c978f9dfa9b0558,2018-06-14 03:11:18,44.0,7.39
ba566f2aa895f419305a7688c55495e5,1,4a7056788ce9287c76ade358f2e2572a,537eb890efff034a88679788b647c564,2018-04-19 20:31:25,21.9,18.23
ba566f2aa895f419305a7688c55495e5,2,4a7056788ce9287c76ade358f2e2572a,537eb890efff034a88679788b647c564,2018-04-19 20:31:25,21.9,18.23
bac0803bc0669a1e85a35ce2acec9348,1,7cfb84c1323fb861a17478de42b1839f,41b39e28db005d9731d9d485a83b4c38,2017-07-11 17:40:09,129.9,15.66
bb22b1f374b71ea416e466ba7ff99cea,1,5483dc3f61a1d385ccc49cec3a560617,822166ed1e47908f7cfb49946d03c726,2017-10-31 11:26:19,49.9,16.11
bc52ee2d28a015510123067432c70c17,1,b84c4c7f1845f068f40e350865b803fa,01fdefa7697d26ad920e9e0346d4bd1b,2017-08-03 19:23:36,118.9,38.38
bca88b3b35d1223abd0d2a29ddc7166e,1,b5e13c9a353102f79c6206ff5cb61a50,a49928bcdf77c55c6d6e05e09a9b4ca5,2018-01-05 16:13:29,89.9,11.83
bd4ce88d696959198a72416bd32be0ca,1,7fdff1c504647eff040e08cd98ce3210,3c4e0452bff7a2a788179488d3d77032,2018-01-10 09:28:38,119.9,14.59
bfda845524638cc2eb3e891b4f2ff603,1,30d755143f7313a7c3d24f936273dc19,3bfba5a77604f6dfae7e6dd7aaf65821,2018-09-03 13:15:34,527.9,18.0
bfe45a2590b88a391d11454e70a7d984,1,2b4609f8948be18874494203496bc318,cc419e0650a3c5ba77189a1882b7556a,2017-12-04 19:18:21,89.99,12.97
c06fb7e4960fb159000d2650602933af,1,4c8b28305f570899b6ded964ddd234a9,ccf8813e5a7d6c84d865cd38bfc2b130,2018-06-21 12:18:41,120.0,23.99
c0c191eae0abb3ed5ed5a5cfd5879a35,1,8ed5b7ff674f091d1fad96a4bb0d58e8,8603f0038fe0e52fedd3382d266723de,2017-05-22 17:55:15,229.0,54.61
c187d987adeda75b5ab837e11d253eab,1,63ac048b30e75cf4da2929227a478f4f,11bfa66332777660bd0640ee84d47006,2018-04-25 02:31:38,15.9,8.82
c187d987adeda75b5ab837e11d253eab,2,63ac048b30e75cf4da2929227a478f4f,11bfa66332777660bd0640ee84d47006,2018-04-25 02:31:38,15.9,8.82
c1cd6f04d98968e420c3fd0e69c5612d,1,db3eeacbf61279de941b24d74d39e7ef,0b18d63d0cd1d723567903fd34a07df2,2018-06-15 00:20:32,59.9,11.44
c239944e346dc1fde937d68eaaf858ac,1,61b5c300f3e56ac6bda4cb54de396f9b,9baf5cb77970f539089d09a38bcec5c3,2017-05-29 12:32:37,49.99,34.15
c2859f3c830b3fab51d945c1c0ef45fc,1,537f8133bb109ca8ae9c6f48370af9ec,955fee9216a65b617aa5c0531780ce60,2018-08-24 11:05:23,60.0,19.61
c29831d189569aeda9a401509412d8ba,1,046eee903d62294ffad4e38ae6aa730e,7ad32824caee82087b3e2e5f33b1bf32,2018-04-18 22:52:38,299.0,19.97
c46deef64dc8913af348b596ff4fc40d,1,19421075ae0b585f2dc13ff149e2119d,4c2b230173bb36f9b240f2b8ac11786e,2017-12-15 12:58:25,45.9,7.78
c4abf2eb2ea936ee6fc6e630b152fb77,1,386486367c1f9d4f587a8864ccb6902b,cca3071e3e9bb7d12640c9fbe2301306,2017-03-17 20:50:46,109.9,17.51
c504f1f5fd54cc8398d57dc0da49de01,1,bf7727705a701b9c135cb00df5a2dc5d,cfb1a033743668a192316f3c6d1d2671,2017-07-14 09:30:10,49.9,19.59
c5b438d2be9a4bbfd2b0611d477a24b3,1,da97969972a524bca894f97ea6bcff90,d2374cbcbb3ca4ab1086534108cc3ab7,2018-08-15 03:45:17,29.9,18.31
c5ee827414d58af8ca34c4911be51911,1,cad2db5e318d7283a234c517b2f28a42,8160255418d5aaa7dbdc9f4c64ebda44,2018-02-08 15:30:20,105.9,13.08
c69c18eaa4efb1da1d0a89ae4e9ee485,1,c551ffaf36e5c1d8444b44bb7c78123b,7e79d65b5c6f1f544b7daea036acf720,2017-06-20 14:22:55,79.9,16.81
c76851af7999b8aa431fe982f3fd1126,1,ab1f9387c0627dd24000bfbc54fdeee0,8b321bb669392f5163d04c59e235e066,2018-01-11 02:37:57,12.25,15.1
c887294d29ae18c8f8cdfa478a4a36b2,1,bcad5b050c241af2fdc24c51556b297c,276677b5d08786d5dce7c2149dcce48b,2018-05-23 15:55:42,329.9,14.33
c8aea852a760205e92591d5053231e07,1,8aa6223e400af9c97b07c75993142721,1f9ab4708f3056ede07124aad39a2554,2017-01-31 18:00:27,219.99,18.0
c99da7a5a4c3328c4d6494f061c4c3d2,1,2b4609f8948be18874494203496bc318,cc419e0650a3c5ba77189a1882b7556a,2018-01-17 13:49:09,89.99,27.17
ca2da77928f874f22b190d791d8fc780,1,ab44178963b4bf809adc477810f9175d,537eb890efff034a88679788b647c564,2018-02-22 20:26:56,22.9,7.94
ca978d2459ea2c5ef6d5fde02be26b9c,1,163da86e86f0089de089399c28c3fcbb,9f505651f4a6abe901a56cdc21508025,2018-03-13 09:29:07,99.0,9.59
cadb75b4ce8646d41b77eff5faa5d300,1,ec96b7b4e1401281edb9465d0d689cae,5011f0d93373a4c5753adf58ca77af8d,2018-05-21 03:35:11,39.99,22.93
cc2999bc678cab0949b90c4759d7a284,1,8d777214c45c704660310bdc5a2741ea,cca3071e3e9bb7d12640c9fbe2301306,2017-07-13 17:25:53,29.9,19.11
cc2999bc678cab0949b90c4759d7a284,2,728cfef9eca3d89054807d5c7e894e04,cca3071e3e9bb7d12640c9fbe2301306,2017-07-13 17:25:53,29.9,11.47
cc2999bc678cab0949b90c4759d7a284,3,d92239d375e7626174b8545ea884b504,b4ffb71f0cb1b1c3d63fad021ecf93e1,2017-07-13 17:25:53,14.95,18.35
cc2999bc678cab0949b90c4759d7a284,4,b89603272c5e7806893eb03712a0b937,cca3071e3e9bb7d12640c9fbe2301306,2017-07-13 17:25:53,29.9,11.47
ccc9547a7a8d9cced273a483d286f737,1,41b7b870b6097bb62f462bc0af141d0d,79ebd9a61bac3eaf882805ed4ecfa12a,2018-06-13 09:11:03,134.9,43.52
ccf0360c8b7c2fbfd429c07b9d55b316,1,3516632e8f52b679ff83d1665ecc990e,e9bc59e7b60fc3063eb2290deda4cced,2017-09-15 03:00:22,75.9,12.66
cd11906a7f55196e1f9194034c7bf3e3,1,98d61056e0568ba048e5d78038790e77,8581055ce74af1daba164fdbd55a40de,2017-05-09 11:33:18,169.0,18.47
cd765bd17903ea30da9a83f9c0532d16,1,e7a6e03b3e02c37299f6ea8398a08629,6a8b085f816a1f75f92dbac6eb545f8f,2018-02-19 20:31:46,54.9,11.88
cdbe57b33f10dd54db2421744ab4a045,1,57d2fa6882b789ad55e86074398826c4,afe0067131b73e40875c9b6c10bd2e21,2017-08-03 01:30:13,89.9,34.43
cdc6f3d564f23d5a74718b6506312d73,1,c3e275e10cfd7f3b56f7f657699cfafe,da8622b14eb17ae2831f4ac5b9dab84a,2017-11-30 03:10:59,134.9,18.19
ce86fa5a5108884726a2244bcae51ae6,1,f5d8f4fbc70ca2a0038b9a0010ed5cb0,48efc9d94a9834137efd9ea76b065a38,2017-01-09 13:29:03,10.9,8.72
cea25ef7695cbbf27888da010e3ddd2a,1,e65f24b5001e750649f5fed3a88b9f4a,87d3c3aeb3ead335511b3ce315eb341e,2018-07-09 04:31:27,46.99,23.13
cf08f889cfc7f4e20d52cf7c6828eeee,1,d285360f29ac7fd97640bf0baef03de0,2eb70248d66e0e3ef83659f71b244378,2018-07-25 10:24:15,155.97,19.19
cfd2f4ec78bb56b1fa91abad6d3ee54e,1,652698dafbccac29d78c7ba70dceef10,44073f8b7e41514de3b7815dd0237f4f,2018-01-04 23:17:21,70.0,17.06
cfd2f4ec78bb56b1fa91abad6d3ee54e,2,652698dafbccac29d78c7ba70dceef10,44073f8b7e41514de3b7815dd0237f4f,2018-01-04 23:17:21,70.0,17.06
cfd2f4ec78bb56b1fa91abad6d3ee54e,3,652698dafbccac29d78c7ba70dceef10,44073f8b7e41514de3b7815dd0237f4f,2018-01-04 23:17:21,70.0,17.06
d1de4ee2cdca15e0ccf424096264d3c8,1,fe7d52482b17e6b3466f4b8f3ce51a9e,d4f117125b59ce73c3302f88ee40c458,2018-02-14 08:10:25,49.99,15.1
d1ea55f7318ed68dab3622af81e15141,1,8d98dedc3c19de17f1a090195e85d6b6,fa40cc5b934574b62717c68f3d678b6d,2017-08-31 20:10:20,49.9,15.1
d1ec4a382397fb4e5862c70ce598eed4,1,2d4910ed534d58d6b37408bb5bd46c0f,32b8764b4ef628b53608fc34011fcc13,2018-04-27 18:31:59,259.0,104.98
d29833e31d88e77ae815681619836ae6,1,b150110bc5afad8ff2cce5cd50c8e2a2,2e1c9f22be269ef4643f826c9e650a52,2017-12-12 02:39:38,39.99,14.1
d2b465d6828555de4d5226daea422618,1,30e6ca43e35febc39b93e1445a98670d,8f119a0aee85c0c8fc534629734e94fd,2017-02-26 06:47:45,19.9,50.0
d2d302e80c71e324aa235aa223f6c220,1,62dbbad1385feb9b27edf72b31bc46e1,4d6d651bd7684af3fffabd5f08d12e5a,2018-05-17 10:13:00,210.0,14.83
d2dc9089cd9e68c5a5d69d6884550ac9,1,c067d207da71c4b67d2f1ad5eb4e96f6,e5545d4d4473876ea78c5bcebca365c3,2018-07-04 04:35:17,44.5,12.97
d2e4ad2926dc435008abc29210ace9f3,1,33fac76e7f17367dedaef7954bbb33b4,56642bcb79900e777d68e91915cb4267,2018-04-17 20:29:40,88.0,14.71
d3293a23682de796b404af990fe62f6c,1,679d1a26cc192f14e7e30ae397f8b089,2a5b78b41cd05baeac8df54c6606b92c,2018-06-15 16:19:51,879.77,19.5
d355c1d4bd77e3cd62085deff064434a,1,c7fd13b5e515bffdab855d0812842edb,1025f0e2d44d7041d6cf58b6550e0bfa,2017-11-06 03:10:09,78.0,16.31
d3c64cf55752f7821e85e7ea9b9b3f30,1,44414d55ce2808a7b8f3568a92d1484f,d36b07fd3c5088e477a72d1fccfe29d4,2017-05-12 11:30:19,328.9,10.96
d3f661b49e6bea433759048d761d2035,1,c0bc78ee82fbbd6bfc0638d513c238df,cb6c9f5888a7a090c75beaf615925792,2018-07-11 00:30:44,43.99,15.41
d4174eb830aa8dc92a23395da7d5012b,1,20f160a9cf2e856ee5eba259e9ae33f9,17e34d8224d27a541263c4c64b11a56b,2017-06-22 11:15:18,167.92,26.46
d579ba069db1e48f36231244a9a83736,1,99a227ce7657e0627fae79ca776081c3,cfb1a033743668a192316f3c6d1d2671,2017-07-12 17:34:12,157.0,16.73
d579ba069db1e48f36231244a9a83736,2,99a227ce7657e0627fae79ca776081c3,cfb1a033743668a192316f3c6d1d2671,2017-07-12 17:34:12,157.0,16.73
d5b836c3e4d3591c11cfbc0d8a32948e,1,3ceb44c75e6981ff0987bb90c95694c0,30a2f535bb48308f991d0b9ad4a8c4bb,2018-01-29 03:37:29,49.9,8.72
d698f250537eaef39df378be5aae95f0,1,5ad2b7b30050dd8aa51c2fed1db13e22,3d871de0142ce09b7081e2b9d1733cb1,2018-03-29 17:47:16,99.0,14.78
d6a043b1faaa04d723fbbe8b015f0dd6,1,aed4b8c10ee4d129b9db14174ca6f4d9,02c988090b766852e088c69d7fb3b551,2018-07-09 23:30:41,180.9,12.29
d6c0642f2b29bbf0b2dba5bcee57c3b3,1,362b773250263786dd58670d2df42c3b,4c2b230173bb36f9b240f2b8ac11786e,2018-03-22 16:15:33,59.9,15.3
d762d74c09a598d609ecbf46c3ab0603,1,1ae200ea89b47dfa17d0ae0745a25492,ececbfcff9804a2d6b40f589df8eef2b,2018-07-24 04:35:16,59.5,13.08
d815bd2c2bdd79e4c0e0263caa986d66,1,8f7a3322e1abfed89ac080b0f7364779,ffff564a4f9085cd26170f4732393726,2017-03-29 10:30:17,52.5,17.11
d8b7feebc9066935b2a7f7002abb4e43,1,50b3e51a19f3784534cbaf9c275dfea5,92eb0f42c21942b6552362b9b114707d,2017-04-04 02:10:46,33.99,8.72
d8c3814df9c4a328159b280e60a59486,1,eac79e5169f7190fc60b25f3e9bf21d7,6061155addc1e54b4cfb51c1c2a32ad8,2018-08-21 11:30:14,1690.0,38.81
d8ded99e3d8a9de0aba5037f97743cff,1,53759a2ecddad2bb87a079a1f1519f73,1f50f920176fa81dab994f9023523100,2018-06-04 20:57:50,49.9,11.01
d949922726bdc62d5829069a73cc15ca,1,42ec84ace63b58b8c5a7ba7be01d5fb8,2a84855fd20af891be03bc5924d2b453,2018-03-29 20:47:23,89.9,27.07
d9544a5262bc4ab34c701c37a69635c2,1,7bf115809ab249f1bf0fa92d72e0baf8,897060da8b9a21f655304d50fd935913,2017-08-07 04:30:25,40.9,15.1
d98a4e525a6240595557fbf149ff82da,1,34dc9ba20762290886d4d94d07a102e3,5b925e1d006e9476d738aa200751b73b,2018-02-22 10:26:56,99.0,11.9
dc281ba54d58f3a819966dc9c879241b,1,bdf89d6a5ed033f3e4fb1266fc445f81,282f23a9769b2690c5dda22e316f9941,2017-11-23 19:06:22,71.1,12.23
dc2b293e65fec525f3c63286396e2b79,1,20b0f2e1b898d6ab3155af3b923794ed,2ff97219cb8622eaf3cd89b7d9c09824,2018-03-26 03:28:48,44.9,8.29
dc2b293e65fec525f3c63286396e2b79,2,20b0f2e1b898d6ab3155af3b923794ed,2ff97219cb8622eaf3cd89b7d9c09824,2018-03-26 03:28:48,44.9,8.29
dc39e9b4bbe970588456c5547324593e,1,41c24b8ce92d1a2cac62db5edfd088b2,4869f7a5dfa277a7dca6462dcf3b52b2,2018-05-04 13:51:06,102.0,18.59
dcd9b00fff62919c208f9e424f8b2c13,1,fb7a100ec8c7b34f60cec22b1a9a10e0,d98eec89afa3380e14463da2aabaea72,2018-01-24 12:56:27,49.99,15.79
dd162c4f0d3abff78621372170e9c19a,1,740c0ddee707e6ed16e436d2358f5860,e8b4225284fbb02d16f200513f1f395d,2018-07-04 20:10:07,180.4,24.87
dd65743cd08075c5e3ee4f7e717eea88,1,a760ef0bb70c954d79e62ec6023d380c,01cf7e3d21494c41fb86034f2e714fa1,2017-03-02 14:10:16,76.05,15.77
dda49ab2822cbc8fa455bd3f699b39c3,1,fd06ee724785658f80f21107c42352a8,86ccac0b835037332a596a33b6949ee1,2017-09-28 15:44:34,119.9,18.09
de72985df853586cd2ba29e3269dbd4f,1,98d61056e0568ba048e5d78038790e77,8581055ce74af1daba164fdbd55a40de,2017-04-27 13:21:14,169.0,18.47
dee33d9b548acb609e8b6eb6f540f4b3,1,8c38d21062ec6ee492c3500d01150b7a,b4a476fbd28de64b1e347abf9089366a,2017-08-18 14:24:12,18.0,14.1
e14fbb884fb89b4ed687485a902caf75,1,0eb5d1d033dcdd7b9b11658ce84ee8e9,7a2d2949aea47fab95fd98d6c9f618b1,2017-11-21 11:55:32,110.0,14.52
e182a452122b1137aec51d2c736995ff,1,bd6e6fce9ada76ea2db0f1912e8e478f,1835b56ce799e6a4dc4eddc053f04066,2017-12-18 03:50:30,56.99,12.74
e2b56835030c81195a5f1d65a17a2c1f,1,30469bb5ea377eae7121981e2f0778e4,80e6699fe29150b372a0c8a1ebf7dcc8,2017-02-01 14:18:45,113.0,31.0
e37fbd45af4b09e473cb0805b49bdca7,1,009af1277432f1a05742df69cdf72d1e,8f119a0aee85c0c8fc534629734e94fd,2017-08-09 14:50:13,54.9,14.13
e49d2358f7bb8587895c7cb6cd635396,1,dce8ae5ccc379f3de517423fccda65cb,fa1c13f2614d7b5c4749cbc52fecda94,2018-03-01 02:49:36,138.9,21.77
e59e6aedb9b4f115de215d276a5166cf,1,a55b9bc476c34d53d8f3f27c922f6374,6b243f80ed07b10f0e8aa0f21a205f3c,2018-03-08 21:31:15,124.9,17.12
e6ccb4e29b42a81b774b13101835b5a3,1,a92930c327948861c015c919a0bcb4a8,6560211a19b47992c3666cc44a7e94c0,2018-07-30 16:31:15,78.0,15.65
e813b971361575cd2511e900b7003c34,1,e6f927322d3e315ea72b768b52126b9b,c3867b4666c7d76867627c2f7fb22e21,2017-09-08 02:50:26,466.0,23.75
e897d96adf4da16805cd6faf2913ce48,1,24619f43ab25b60db576926fd78edd39,f25e239052084705e17a982bc600ab2a,2017-05-11 13:02:28,798.0,56.89
e8a7d3a84c7c313494dde4ab9d4d944f,1,52c80cedd4e90108bf4fa6a206ef6b03,a1043bafd471dff536d0c462352beb48,2018-02-01 16:13:16,179.0,45.71
ea34eae68a8f3d0332107c30b071c7a9,1,de35b12d754d29dc6d48ae30cfe1c23f,da8622b14eb17ae2831f4ac5b9dab84a,2017-06-12 15:05:26,159.9,18.37
ea3e7bb7fc6c485a1238f0c21e10ab0b,1,474bb6b54fc608ca71059a6c4f7ecda3,8b321bb669392f5163d04c59e235e066,2017-12-08 19:14:17,21.9,11.85
eaec582d6403b30186964f6df957047e,1,64fb265487de2238627ce43fe8a67efc,4a3ca9315b744ce9f8e9374361493884,2018-03-28 15:31:16,92.9,58.08
eb4d09476b0c4b4e17bee697d1adde36,1,0a57f7d2c983bcf8188589a5fea4a8da,4869f7a5dfa277a7dca6462dcf3b52b2,2017-12-27 23:12:28,119.0,16.46
eb6b32a82d2459d0ce7f2089f9eba0f2,1,78efe838c04bbc568be034082200ac20,0241d4d5d36f10f80c644447315af0bd,2018-05-07 03:15:51,99.9,21.78
ec43c57e035991962d29648ea5463096,1,a92930c327948861c015c919a0bcb4a8,6560211a19b47992c3666cc44a7e94c0,2018-01-25 09:16:44,78.0,7.8
ec451fb3a1ee5782fef4937473a9ffac,1,1377fd796465e86c4306ad7afc6a6dfe,96493fab2fbb13a14d0c0e8772eef5c3,2017-11-09 11:50:59,269.0,10.7
ed290fabcd8f57622249dcd888cb4ba5,1,e494f26669f3b5feca72555de4733bed,54065e9aef7e9e9c2dc23b7594db021a,2017-04-03 13:03:27,300.0,19.53
ed7729e6796b85362ae02f41ae06ea03,1,0f789be671fe3bd93cabfbb4a710f282,259f7b5e6e482c230e5bfaa670b6bb8f,2018-03-08 10:10:29,29.9,16.11
ed8ae7b87eac2abe38acc8471343053f,1,c9fa6a0dbc5b979d8c99f38c3c9c912f,9f505651f4a6abe901a56cdc21508025,2018-04-23 21:55:18,19.99,7.39
ed8ea0a2a84f051dc83699eb389facb1,1,2dda719980a369a8982002431ff785dd,20d83f3ef0e6925fd74bfd59170babf7,2018-07-31 13:25:11,49.9,7.61
edf6ca78e2f6def9edbec6b61c2194bb,1,8d7b1f65c55c4c92979d7a0c36200c29,80e6699fe29150b372a0c8a1ebf7dcc8,2018-04-23 17:10:50,99.9,17.41
ee6ccb9e2ac9c3de0114a22625cbc859,1,bc0f31b5e89dfeba8169ad1123d44d2b,5b664594895aefb418afaee6d40a9a23,2018-03-26 20:50:36,79.9,7.9
ef2a479a9f30595348e50c5d1eb52bd2,1,652ab2a1bee7f7f0ab475b06cd290865,a2fa0bdc798ee84cdb08281337cf4fb6,2017-05-09 11:32:14,45.0,15.56
efe29224ab6af2a162c9cb35940daca5,1,3a78f64aac654298e4b9aff32fc21818,623ad9d0c1e14bb5464a8c72bff7b4af,2018-05-17 20:30:47,95.0,38.96
f14285a51b784d0a199a4e8193fead6c,1,5a848e4ab52fd5445cdc07aab1c40e48,c826c40d7b19f62a09e2d7c5e7295ee2,2018-02-22 16:08:06,122.99,15.61
f1b5a776430ea0b0ac4ada8349125900,1,7666acd3cb60e97bf02449e36be0c02a,d05ae8f7a5bd1d2a690a44cd079e4e27,2018-08-27 04:50:15,204.0,8.85
f1dee8f6b8d42d98d0f48b711a6a6d35,1,d1ff1a1223a2739d17005c9f4c4a40b6,3d871de0142ce09b7081e2b9d1733cb1,2017-08-10 12:30:14,100.0,17.95
f232ff45f991fa2386608fdab459e65f,1,f1c5eb59ca7aba7c4e5f0e3095473f8b,0be8ff43f22e456b4e0371b2245e4d01,2017-12-14 20:12:21,39.9,14.1
f2549ba65e2aa4e4831c43946625e476,1,3e767be391eb16817e11f752578e6c17,ceaec5548eefc6e23e6607c5435102e7,2018-08-28 10:10:29,399.9,23.24
f2a368e50c1c94d8f9545b80031f0e7a,1,5a7373ba4c9b3e13513ded06cd1986c4,e9779976487b77c6d4ac45f75ec7afe9,2018-07-23 19:35:18,33.49,18.33
f2c9428d2c7720cb4e9f2a9634673ce6,1,32aeecc02aa5adcb7f75155a80a47836,df56d7b40d437f88407c5f78b63bc328,2017-10-26 10:28:11,138.5,17.38
f47250cb6ba54d6506935dc2e409b914,1,5999995b8f64d769dbc6f592b86d6f8a,c013e57c075a06e5b5c48ee03c525719,2018-07-06 11:31:11,36.99,42.54
f62bd55133b35f243bfa088d581b4e4b,1,7b31b39ebebeb8282009c48e5587b1d0,7a67c85e85bb2ce8582c35f2203ad736,2018-06-25 21:58:56,94.99,14.98
f644bc7cdc4cf0854f50017d5ccfff50,1,70aa499facb0946dc40ff974166fd522,55f7a3319d80f7fdf078b8f03e6725fe,2018-08-13 15:25:22,129.49,13.21
f6a592a6464704c725035dc88f616539,1,53759a2ecddad2bb87a079a1f1519f73,1f50f920176fa81dab994f9023523100,2017-07-26 02:15:43,59.9,13.44
f6a592a6464704c725035dc88f616539,2,53759a2ecddad2bb87a079a1f1519f73,1f50f920176fa81dab994f9023523100,2017-07-26 02:15:43,59.9,13.44
f6e09765a386aa4607ea665f090511ae,1,e0d64dcfaa3b6db5c54ca298ae101d05,4869f7a5dfa277a7dca6462dcf3b52b2,2017-11-29 07:54:29,170.0,16.82
f6e0b0a52fa22c15d6784e3cdda6e953,1,cf2854dbad42c9f15b2e69add9bcb1a0,516e7738bd8f735ac19a010ee5450d8d,2018-06-17 21:51:55,46.9,17.06
f833a0260cb98fa615a517d4e4a8cdf3,1,f7e0fa615b386bc9a8b9eb52bc1fff76,87142160b41353c4e5fca2360caf6f92,2017-05-09 14:42:38,89.9,21.08
f834e3467ee8fd252a9cf386dfac6991,1,b7dd82f73b490f8251576c96c4a5bed5,d2f3e277560ed4c6361284429b00f037,2017-07-13 11:45:15,88.2,16.38
f947132461622a725c4661c580ab80da,1,0bc5e6c957486577f11519bf36577b38,1eade46fba20122dc4aefb379f8c636b,2017-08-28 23:50:32,21.99,14.1
f95884da9f9e2df5d430f7e289b3c07e,1,398eb7af23a74b3470f90b1744a48697,46dc3b2cc0980fb8ec44634e21d2718e,2017-12-14 03:18:24,149.99,10.06
f9748b4011ad98a145ac788b1201b7c6,1,99c86b937a9cbafc91d89bef3f5b7747,0ade5cc4a305ed7093a23f68ca47519c,2018-01-26 13:50:52,78.99,16.99
fa3bee504523342f3e1b29cfc38a91d3,1,aef74719b37c2e1d6be96b4e50495ad0,54a1852d1b8f10312c55e906355666ee,2018-06-26 19:38:37,74.99,11.55
fa752aebeda0a3f9a2626bc507550c3f,1,7ae1a5d0600076501c7ff50c63938b48,2a167ca73899c85001a837d8fb4962f6,2018-07-23 13:41:32,1099.0,34.64
fa752aebeda0a3f9a2626bc507550c3f,2,7ae1a5d0600076501c7ff50c63938b48,2a167ca73899c85001a837d8fb4962f6,2018-07-23 13:41:32,1099.0,34.64
fa85fa75418b73f193949be7cb639fce,1,ef1c671d636510846d72e7aa3af1e0a5,ea8482cd71df3c1969d7b9473ff13abc,2018-02-01 09:31:33,23.99,16.79
fb782978193f7e29ff62d9b64c93ff54,1,d1b1a0e78589ee89279d0be1e4a8b905,8a432f4e5b471f8da497d7dc517666e2,2018-06-17 21:31:50,69.0,14.57
fbbaa04b3e0910f8ae8711ff03a32fa7,1,b423d0e69f19a48cd48305328b8e3f02,0db783cfcd3b73998abc6e10e59a102f,2017-07-19 02:15:20,69.9,9.27
fc124eec9edbb799119308d21bfaea54,1,79535f801c489bd33483bf6d67da9a86,d51e0a403fe2e689ece6c73359d96e12,2018-01-25 17:31:14,385.0,23.18
fc124eec9edbb799119308d21bfaea54,2,79535f801c489bd33483bf6d67da9a86,d51e0a403fe2e689ece6c73359d96e12,2018-01-25 17:31:14,385.0,23.18
fc7e3c066f67dcf0954cd79e8b52a7df,1,f7bb503725fb4d7bb55301d5bceba728,55a5b51f93f2b70ea513f5a047b0262a,2017-08-22 22:04:41,99.7,17.14
fc7e3c066f67dcf0954cd79e8b52a7df,2,f7bb503725fb4d7bb55301d5bceba728,55a5b51f93f2b70ea513f5a047b0262a,2017-08-22 22:04:41,99.7,17.14
fd192fd37b66b1d22bfe7b82ace0a064,1,75be6b15a70d22b49d21e9c90ae7c2d6,8b321bb669392f5163d04c59e235e066,2018-05-17 17:31:45,9.0,15.23
fdd8197e350ed073eeb591a6dc3e74c8,1,461f43be3bdf8844e65b62d9ac2c7a5a,4869f7a5dfa277a7dca6462dcf3b52b2,2018-02-13 20:55:51,148.0,12.54
fdf262b020267b9e928c136d05e4dca8,1,fe75529a267b76ac6e96f0c322a899a4,620c87c171fb2a6dd6e8bb4dec959fc6,2017-10-31 17:35:39,89.9,16.39
fdfeec75aa07c1d2a88b17b8fbfc7b8f,1,11059273f4bc1a293777e98c89807c62,dbc51f5e45d654ecc16cb68e6817ecea,2017-03-01 22:42:22,199.99,18.14
fe0b24305fde3889fdd0d23abaa7e52a,1,0152f69b6cf919bcdaf117aa8c43e5a2,d2374cbcbb3ca4ab1086534108cc3ab7,2017-04-28 05:41:55,13.9,16.05
fe92d7d46cd8f245f327d70c50e9c187,1,99f265229d46f700208ad7cb1ff48aae,ea8482cd71df3c1969d7b9473ff13abc,2018-02-01 21:31:46,39.99,7.78
fe99f8be754e8a75c4201c7156bd99ee,1,56ad64ea1d19bc4b26b61088d89e6f41,30a2f535bb48308f991d0b9ad4a8c4bb,2017-06-08 14:43:00,49.9,17.63
fef88a82df9affd47bdc67a4c8bbe4b2,1,dbb67791e405873b259e4656bf971246,00fc707aaaad2d31347cf883cd2dfe10,2018-02-25 21:32:05,79.0,15.3
