order_id,customer_id,order_status,order_purchase_timestamp,order_approved_at,order_delivered_carrier_date,order_delivered_customer_date,order_estimated_delivery_date
3b14820d642ea72e95df3289b6539c1c,4248fddd68e3375c24e743290ce2d9fa,delivered,2018-04-02 13:01:06,2018-04-02 13:10:21,2018-04-04 23:42:34,2018-04-12 17:12:13,2018-04-23 00:00:00
8a795486f112df15565463862960aa40,e093120ffd5c259e2decb4ff5266f0dd,delivered,2018-05-20 20:28:32,2018-05-22 09:36:09,2018-05-22 15:48:00,2018-06-01 11:50:31,2018-05-29 00:00:00
7aa2471c1e8d0cd89eec9459fde59414,0eb400f3e6d2f08e70d2ab5af9c203f4,delivered,2017-09-18 19:09:52,2017-09-20 02:10:42,2017-09-21 19:37:10,2017-09-27 19:09:10,2017-10-04 00:00:00
95cf53396116b5dd518b5ba1c11a0bb5,3b2e666d92ce663a2f35ba3a6bb5df6a,delivered,2017-04-21 19:31:13,2017-04-21 19:45:10,2017-04-25 13:08:20,2017-05-04 16:46:54,2017-05-19 00:00:00
6c5eb0920626d3ff5588d03d6f2d4936,1b83beaaa59c8cdfe738f7ead2517da8,delivered,2018-03-15 15:22:28,2018-03-17 03:08:57,2018-03-19 21:14:58,2018-05-03 11:29:52,2018-04-30 00:00:00
f644bc7cdc4cf0854f50017d5ccfff50,99e92a4ae3b87639d2b55ee0319dee00,delivered,2018-08-09 10:54:00,2018-08-09 15:25:22,2018-08-10 15:05:00,2018-08-13 16:41:48,2018-08-15 00:00:00
20cfab9d640f9a76956b6a8ff459ee78,366b6bad3f0e22ec09924b4ec6217229,delivered,2018-02-01 18:31:00,2018-02-03 02:53:59,2018-02-06 18:38:50,2018-02-14 15:14:01,2018-03-05 00:00:00
2686d8e26c3f6e55f0b0914311ebc718,78affbe4e580defed5ce9cb8edb373de,shipped,2018-03-02 22:44:58,2018-03-02 22:55:40,2018-03-06 04:47:40,,2018-03-23 00:00:00
31a9ca81d056ac824459a57e784fcfe6,c4ed2755f23f173426fcc47decf4ebdc,delivered,2018-06-03 01:51:37,2018-06-04 09:29:59,2018-06-05 05:40:00,2018-06-12 22:28:50,2018-07-05 00:00:00
2aa8454e751e7fc82eba1192b4e49aad,6f7c8b3369dd1f736a77264ecd928a47,delivered,2018-07-31 09:53:32,2018-07-31 10:31:20,2018-08-01 13:42:00,2018-08-06 17:52:54,2018-08-14 00:00:00
b526245df7becef98d5b08c6350cc53e,c2928a50aecf1bc4776082b13225e4da,delivered,2018-01-15 18:00:35,2018-01-15 18:11:23,2018-01-17 13:09:20,2018-01-24 21:48:45,2018-02-05 00:00:00
9ef921f5c09cf02012029e4660e4ddce,0cceca00fae637fe9d8eb79377d0da12,delivered,2017-11-24 00:08:11,2017-11-24 01:10:01,2017-11-28 21:47:36,2017-12-08 13:37:39,2017-12-28 00:00:00
2904c252504167d25044631cfa95a558,d858c8a1bd7dca425c880be55b01a581,delivered,2017-11-04 14:51:41,2017-11-07 07:30:38,2017-11-08 21:43:46,2017-11-15 18:59:18,2017-11-30 00:00:00
594ad966cb8b56ec21f4b3c9b7048505,8c215a516a5d40f140276e5ae77e02ff,delivered,2017-06-27 19:41:50,2017-06-29 02:50:33,2017-06-30 16:09:18,2017-07-07 19:19:43,2017-07-17 00:00:00
e49d2358f7bb8587895c7cb6cd635396,4f219dce05e4878040dbfaa3308573d1,delivered,2018-02-24 02:03:17,2018-02-25 02:49:36,2018-02-26 23:38:06,2018-04-06 20:47:37,2018-04-13 00:00:00
ac8f8ad86c151ccd10a699a6a153d6c5,95f5fe645df31a0190cb6354a603dcea,delivered,2018-02-16 18:32:10,2018-02-16 18:46:48,2018-02-19 19:48:55,2018-02-28 22:56:54,2018-03-12 00:00:00
352c07bd942e2c6def34464d7d84469a,ec88af0313a04a591597b79a08501f2d,delivered,2018-04-08 12:47:49,2018-04-08 13:10:08,2018-04-11 00:14:24,2018-04-11 16:21:26,2018-04-19 00:00:00
f834e3467ee8fd252a9cf386dfac6991,25943239ef2ecee5e700508aba214dc3,delivered,2017-07-08 11:34:46,2017-07-08 11:45:15,2017-07-10 12:49:58,2017-07-18 22:12:32,2017-08-01 00:00:00
470bd7c916de78d36c5ed1f1990f1c5a,32158399285b7347046a6ab6d19331ca,delivered,2018-08-14 13:19:13,2018-08-14 13:35:11,2018-08-16 14:40:00,2018-08-28 01:06:23,2018-08-31 00:00:00
542ed9dd96bd38be14a8dfa8abc13065,f0e28113cd4ad5a6e901d09c7d1b5df4,delivered,2018-07-18 10:33:46,2018-07-19 02:50:23,2018-07-19 12:15:00,2018-07-23 18:51:50,2018-08-01 00:00:00
a8018f7036b3dcfcc01cc763547c475e,38eec21ce5683a077b66e9167dc49b7f,delivered,2018-03-27 09:38:25,2018-03-27 09:55:16,2018-03-29 18:27:23,2018-04-02 17:42:44,2018-04-09 00:00:00
4c761041674866c683398d2c3d0d9163,9ba00b5627e37eae99b7b42f26cca99f,delivered,2017-12-05 09:14:54,2017-12-05 11:13:25,2017-12-06 14:11:03,2018-01-03 19:58:50,2018-01-09 00:00:00
f1dee8f6b8d42d98d0f48b711a6a6d35,b02dafd608dcc07b89044f6ec2dec31d,delivered,2017-08-04 12:15:17,2017-08-04 12:30:14,2017-08-04 18:52:07,2017-08-10 20:17:52,2017-08-28 00:00:00
e37fbd45af4b09e473cb0805b49bdca7,18cb5869ae95b1e2ab7b17760b9e97d0,delivered,2017-08-03 12:48:23,2017-08-03 14:50:13,2017-08-07 19:08:35,2017-08-18 18:27:57,2017-08-25 00:00:00
7416b68f6acd9fa1b73d37eafcf94975,0a51c8dc5002bbeb689ecf79406d1463,delivered,2017-12-09 13:39:06,2017-12-12 03:37:37,2017-12-18 21:52:46,2017-12-27 18:33:50,2018-01-08 00:00:00
b918857b7289075da14325e369374e4b,269275e519181d7946ad8bd709584970,delivered,2018-06-04 18:50:01,2018-06-06 03:11:18,2018-06-07 18:27:00,2018-06-08 21:47:39,2018-06-28 00:00:00
addd750cdd1e291d03ffa31e89eec86e,566b3728a85d64d9446ccc95dec63ad8,delivered,2018-08-14 17:32:09,2018-08-14 18:25:22,2018-08-15 13:45:00,2018-08-23 15:57:57,2018-09-27 00:00:00
9fae636d2c51d2a8feb6734c92aa131f,f247dc9ed6536f4ecd067e8403beea4b,delivered,2018-05-27 23:50:48,2018-05-28 00:56:16,2018-05-28 14:09:00,2018-06-13 02:26:43,2018-06-29 00:00:00
0b0334d5ad01e008caafb19973bf1acb,64c1209f6fae0cbe57bd7e39469506f4,delivered,2018-04-25 10:52:10,2018-04-25 11:09:03,2018-05-02 11:19:00,2018-05-07 20:12:24,2018-06-05 00:00:00
8a566c8bc5098ea48be7ea4929c5993a,7595868948ca311517e89487d6815151,delivered,2017-05-22 17:19:19,2017-05-22 17:30:22,2017-05-23 15:22:22,2017-05-25 18:14:14,2017-06-02 00:00:00
265144aedd0822b898712f78e0c3cfc4,b4f485d5afa99fd25e4b31e4e1dfd52a,delivered,2018-06-13 07:30:09,2018-06-13 15:25:44,2018-06-14 13:04:00,2018-06-21 16:36:42,2018-07-18 00:00:00
a9d1327838b1c183fc288f0d2bf23d32,23e9a05c114b1513d55e235a93d8a6e7,delivered,2018-08-12 10:41:48,2018-08-12 10:55:11,2018-08-13 13:07:00,2018-08-14 20:07:36,2018-08-16 00:00:00
6b11abc0295e397afb43aecade82621a,1d432d596d225cc4fb606b6502c123ac,delivered,2018-05-07 17:34:11,2018-05-09 04:15:14,2018-05-11 15:37:00,2018-05-17 18:25:38,2018-05-23 00:00:00
66fc85fce01ca94d68a669ad2f78c035,b51281d5c8fe567753940498c6508c49,delivered,2018-08-04 11:54:16,2018-08-04 12:05:15,2018-08-07 10:19:00,2018-08-09 22:37:35,2018-08-14 00:00:00
245b2a09d0f787df368d4a370a63eb58,024dad8e71332c433bc9a494565b9c49,delivered,2017-12-06 19:26:02,2017-12-06 19:33:19,2017-12-11 22:55:03,2018-01-10 20:45:23,2018-01-11 00:00:00
673426deedf113369fd0f139e97ed084,133cb7dc019947e49b9541c6c2795ac8,delivered,2017-07-10 20:58:17,2017-07-12 02:10:49,2017-07-17 10:27:56,2017-07-28 19:03:09,2017-08-14 00:00:00
45f8bc3f8278f2b2a3e6c843a798763a,1740e3a23255d4382a29eb7421b7605f,delivered,2018-05-09 17:12:01,2018-05-09 17:36:21,2018-05-10 14:02:00,2018-05-16 12:51:53,2018-05-28 00:00:00
233e61a3a3fbc1ea5c7349fa68eab1bb,1a2568d169d3dc81cebfcebbbb7cd9a0,delivered,2017-06-10 20:57:47,2017-06-10 21:10:15,2017-06-12 10:07:11,2017-06-19 21:10:33,2017-07-13 00:00:00
9fe311dd7e1b6943bed63fd01c7e5829,2dab706c04920c7225853f5a75a27415,delivered,2018-08-13 16:06:32,2018-08-15 03:31:47,2018-08-15 15:07:00,2018-08-22 14:11:40,2018-09-06 00:00:00
3a0b207c999d48a7385a3ec9ceb251fe,c89ec71952197c093c9161bb737dec5d,delivered,2017-02-24 18:23:10,2017-02-24 18:35:11,2017-03-01 10:37:51,2017-03-13 12:14:37,2017-03-21 00:00:00
f947132461622a725c4661c580ab80da,f34d9ce608a00ce18da66b40c54afdfe,delivered,2017-08-22 23:42:12,2017-08-23 00:32:54,2017-08-23 23:43:50,2017-08-31 20:33:56,2017-09-14 00:00:00
21b966a378471db65c18fa4ca20d6800,f253cdb921536ec2a9ff9a11cab13aea,delivered,2018-08-21 20:34:12,2018-08-21 20:50:15,2018-08-22 15:21:00,2018-08-27 17:32:06,2018-09-05 00:00:00
035201c3c82a97f8a25dd6bd5244b2d5,9facbfd2dd51a45404d58154b12ed2dd,delivered,2017-11-10 16:54:13,2017-11-14 04:31:07,2017-11-14 20:06:59,2017-11-21 23:26:35,2017-12-04 00:00:00
2b99bf6a37b3b643b24ca08289526f96,9756f047557b34c039fa402a19c13975,delivered,2017-07-09 19:47:33,2017-07-09 20:03:17,2017-07-10 18:47:55,2017-07-14 13:16:59,2017-07-28 00:00:00
483b20142703235aad52bdf6033346fc,281544d276e137e94ed0250eaec7756c,delivered,2017-07-14 08:46:50,2017-07-14 08:55:18,2017-07-20 17:42:14,2017-07-27 15:47:53,2017-08-03 00:00:00
6e2e27bb92034101c8873f0c3555ab5f,5ab62b3d36877984de860550576f4696,delivered,2017-11-16 16:21:21,2017-11-17 16:30:26,2017-11-22 19:12:04,2017-11-24 18:49:02,2017-11-29 00:00:00
869534408eb028640def21e75630def8,69bd096df0137b7c401eb3daf9c4c96f,delivered,2018-02-27 14:46:23,2018-02-28 10:09:42,2018-03-07 00:05:43,2018-03-14 19:28:32,2018-03-23 00:00:00
224a802cf146cefcba3907e02acce34e,82239de58e13a902a1dd2ac7ceccddf8,delivered,2017-07-22 05:51:41,2017-07-22 06:05:22,2017-07-26 11:09:42,2017-07-27 12:48:40,2017-08-11 00:00:00
fe92d7d46cd8f245f327d70c50e9c187,649417bfde31b8ccba22d8faf19f15a3,delivered,2018-01-28 21:18:38,2018-01-28 21:31:56,2018-01-31 00:04:01,2018-02-01 22:51:20,2018-02-14 00:00:00
23575ff1c8a0669132c47e895a24b5fb,1486be6e2635c0fc6343893dab2f560a,delivered,2017-07-18 21:05:12,2017-07-18 21:15:23,2017-07-24 19:34:33,2017-07-31 23:12:07,2017-08-09 00:00:00
1b1b3a4e0fe992985df0687e28917050,ab3965ddf332775d0dc7643474dfcbeb,delivered,2017-07-04 14:51:14,2017-07-04 15:05:09,2017-07-07 13:46:58,2017-07-28 16:13:31,2017-07-28 00:00:00
eaec582d6403b30186964f6df957047e,1318775058e4321f5018e2fe470947cd,shipped,2018-03-21 23:45:08,2018-03-22 15:35:30,2018-03-23 20:47:54,,2018-04-19 00:00:00
fc124eec9edbb799119308d21bfaea54,553116a8650fecf9e64790c28a2aa2ae,delivered,2018-01-16 16:16:17,2018-01-16 17:33:12,2018-01-19 21:52:20,2018-01-26 14:07:05,2018-02-16 00:00:00
34f1e1534ff3a9055146407b5fc8e790,9069a64d2ee009244fcb144de3b128a7,delivered,2017-09-21 17:22:49,2017-09-23 02:15:50,2017-09-27 20:13:32,2017-09-30 20:09:53,2017-10-06 00:00:00
9f632adcd34b1ead76a916ea1a887c9c,fae23e689afbb8d92d69b409b4d2df7b,delivered,2018-07-10 11:29:48,2018-07-10 11:45:32,2018-07-11 11:34:00,2018-07-16 14:37:39,2018-07-24 00:00:00
8cee1e77f3ff782a0f7fc304065941b6,b14de24553a648f6c1bf49e3f61e1056,delivered,2018-01-08 13:05:42,2018-01-10 10:33:00,2018-01-10 18:04:44,2018-01-13 02:43:53,2018-01-24 00:00:00
b0ea87e8402211c896c8d6b4b2001c7c,f84dfdbb9fae7348ead6375ee052da24,delivered,2017-11-10 22:50:03,2017-11-10 23:10:26,2017-11-13 18:21:59,2017-11-23 18:08:27,2017-12-04 00:00:00
2ed35bba35070885f6e0ff68cefe670d,1a8a7a0627b8eb850b3fc69d73867a08,delivered,2018-08-20 18:42:18,2018-08-21 04:50:24,2018-08-22 14:51:00,2018-08-24 19:03:25,2018-09-05 00:00:00
fc7e3c066f67dcf0954cd79e8b52a7df,debb9c0b178e9096f08c8609c81e2924,delivered,2017-08-16 20:28:40,2017-08-16 22:04:41,2017-08-21 21:08:04,2017-09-05 22:32:33,2017-09-12 00:00:00
50b8c557d8dd265d4417824162c5888c,aaea8b0c58ccf12e787f33aefb1243e4,delivered,2018-06-08 11:33:03,2018-06-08 11:54:36,2018-06-11 11:52:00,2018-06-16 01:25:42,2018-07-18 00:00:00
fef88a82df9affd47bdc67a4c8bbe4b2,bc6b9c888681765f177cacee35b6157d,delivered,2018-02-13 22:20:34,2018-02-13 22:35:25,2018-02-15 16:35:49,2018-03-01 23:36:41,2018-03-12 00:00:00
21990fe9b5b40fd681da192e4594884d,2d428f584e3f831f770a1de54a30532f,delivered,2018-01-12 12:45:01,2018-01-12 12:54:35,2018-01-19 11:58:42,2018-01-31 22:13:29,2018-02-05 00:00:00
ce86fa5a5108884726a2244bcae51ae6,8fa33a3159dfc303b8aeccf859b9bee5,delivered,2017-01-05 13:29:03,2017-01-07 03:45:23,2017-01-11 15:35:54,2017-01-16 16:05:21,2017-02-01 00:00:00
d3f661b49e6bea433759048d761d2035,56a914c4b8d40096b2b7074f4c2f62ec,delivered,2018-07-05 00:07:41,2018-07-05 16:27:10,2018-07-06 06:32:00,2018-07-12 21:18:35,2018-07-25 00:00:00
2ce205c58fef8abc5963b6da38e4b2fe,8fbfdbacdc92ddd984f024f09e62408e,delivered,2018-08-06 22:04:22,2018-08-06 22:15:18,2018-08-07 14:06:00,2018-08-14 14:46:43,2018-08-20 00:00:00
001e7cf2ad6bef3ade12ebc56ceaf0f3,d1684ed69f8fd574b7c344de923f379a,delivered,2018-05-19 10:29:23,2018-05-19 10:59:50,2018-05-21 14:34:00,2018-06-04 18:08:23,2018-06-05 00:00:00
7a18fea05bb2617bc74ee0bd1009c0c7,8a561b232448590a2c52fb35de87d5fd,delivered,2017-09-28 19:50:59,2017-09-28 20:07:09,2017-10-02 21:32:24,2017-10-10 17:47:41,2017-10-20 00:00:00
f2c9428d2c7720cb4e9f2a9634673ce6,80825fac1b288cd8a58c4ae40c66a821,delivered,2017-10-22 10:17:43,2017-10-22 10:28:11,2017-10-23 21:32:06,2017-12-27 21:06:58,2017-11-10 00:00:00
5b33495590a02d7e9ce6fbdc52f143d9,b5fbe4b143d1ca0c98e44f346c36b63b,delivered,2018-07-17 09:38:48,2018-07-17 09:50:17,2018-07-18 12:06:00,2018-07-24 21:42:37,2018-07-31 00:00:00
1f84f9ceb5c60dc9d3ecb4bbc0555dfa,c2f95153645e6d3add0e3c41a8689bfd,delivered,2017-10-23 21:21:17,2017-10-23 22:28:20,2017-10-24 22:33:17,2017-10-31 18:40:04,2017-11-17 00:00:00
dd162c4f0d3abff78621372170e9c19a,e32a0bbb991b6d310e3f70e6e5526807,delivered,2018-07-02 19:52:57,2018-07-02 20:10:07,2018-07-03 12:30:00,2018-07-06 11:28:38,2018-07-23 00:00:00
7cd0da49ecd223041fb8f6f8de488314,11f8f6f30c61766f7ce9b90b023b0ad1,delivered,2017-09-27 00:07:04,2017-09-27 00:49:48,2017-09-27 19:52:16,2017-10-06 15:03:43,2017-10-24 00:00:00
ed7729e6796b85362ae02f41ae06ea03,ebcd6949522bae5af04691fe44be17d0,delivered,2018-03-03 10:00:48,2018-03-03 10:10:29,2018-03-05 21:04:31,2018-04-10 14:47:40,2018-03-26 00:00:00
e14fbb884fb89b4ed687485a902caf75,93c4960d58cf80f39108c219017866c1,delivered,2017-11-15 11:45:28,2017-11-15 11:56:02,2017-11-16 20:51:43,2017-11-21 20:12:19,2017-12-06 00:00:00
c0c191eae0abb3ed5ed5a5cfd5879a35,09678fa7223b533a073bdb09189826ae,delivered,2017-04-24 17:42:25,2017-04-24 17:55:15,2017-05-11 09:03:10,2017-05-26 10:34:57,2017-06-07 00:00:00
882dd62cfb645823fd2fe550592fd4fa,c12ac6df65e8fd67ae26f138e91aa0e0,delivered,2017-05-23 20:46:50,2017-05-23 20:55:20,2017-05-24 15:45:09,2017-05-30 02:52:29,2017-06-12 00:00:00
d762d74c09a598d609ecbf46c3ab0603,d34d8be2d14d57f7e03555eb3cb3d956,delivered,2018-07-19 14:17:22,2018-07-20 04:35:16,2018-07-20 13:10:00,2018-07-25 20:24:37,2018-08-02 00:00:00
2c5925c8d72a163016e91d103b67ac9d,7e61519c3a9b622a4211588b43c03de8,delivered,2018-04-17 12:10:08,2018-04-17 12:35:13,2018-04-19 21:46:48,2018-05-07 08:53:04,2018-05-28 00:00:00
2dea508202fbd39c677502defdef2d21,986eba2f0d54f5b350b50ffe122ec2eb,delivered,2017-07-22 20:19:16,2017-07-22 20:35:18,2017-07-24 13:51:58,2017-07-25 21:58:40,2017-08-11 00:00:00
6d15ab11184942cfb824b1946fc00aee,a90cbac9cff2b9205048ca41fab6fe96,delivered,2017-10-18 17:51:02,2017-10-18 18:06:08,2017-10-19 20:54:04,2017-10-20 16:28:37,2017-10-30 00:00:00
48805bfedbbbfe75dabe602c05eae895,bbce69db62fbcc00884caa50b906a809,delivered,2018-08-13 14:15:32,2018-08-13 14:25:17,2018-08-14 15:24:00,2018-08-17 23:18:29,2018-08-27 00:00:00
ef2a479a9f30595348e50c5d1eb52bd2,a4700163c178904b20784f35ba0bb2c6,delivered,2017-05-01 21:14:31,2017-05-03 11:42:33,2017-05-09 13:47:13,2017-05-17 15:39:47,2017-05-25 00:00:00
1679d1eb7779b27771375628ff2f95f7,fdeef3ab1f545e40afb89b67d3979118,delivered,2017-11-24 09:33:45,2017-11-26 09:34:26,2017-11-28 22:16:59,2017-11-30 23:16:48,2017-12-08 00:00:00
de72985df853586cd2ba29e3269dbd4f,61574bd1bc8408825d5d4293093e9676,delivered,2017-04-20 12:32:55,2017-04-22 13:21:14,2017-04-24 13:28:55,2017-05-07 13:27:53,2017-05-10 00:00:00
5fdc1bf5ee308d53a4d93be57828c888,04d55ff9d3701dc37126c0d9690b405d,delivered,2017-02-13 20:21:07,2017-02-13 20:30:20,2017-02-14 10:47:25,2017-02-17 20:24:08,2017-03-20 00:00:00
ed290fabcd8f57622249dcd888cb4ba5,4b7cc6a668f938434efccce03496ea7c,delivered,2017-03-23 11:56:35,2017-03-23 13:03:27,2017-03-24 13:36:04,2017-03-27 17:14:17,2017-05-04 00:00:00
6e59250a3263ec525190b4625db82da6,67a994ef388769cac17749f83484f047,delivered,2017-09-27 20:20:55,2017-09-27 20:35:18,2017-10-03 16:28:14,2017-10-09 20:03:51,2017-10-24 00:00:00
f2549ba65e2aa4e4831c43946625e476,318e6461c1360f9bcd936bb5bc8acdca,delivered,2018-08-15 15:52:47,2018-08-16 10:10:29,2018-08-21 08:48:00,2018-08-22 15:54:44,2018-08-28 00:00:00
2ac64848de25f6d3a625d04e3ba740ce,560dc36db8afa12a1eb66f16ebc91f69,delivered,2018-02-03 12:31:18,2018-02-05 11:30:07,2018-02-06 17:08:58,2018-02-20 21:23:07,2018-03-06 00:00:00
7110f0eeece3a706f92c964efb204e57,4ad7e384a9915942c0b8bd7eb448b6b3,delivered,2018-04-18 18:41:46,2018-04-19 02:31:53,2018-04-20 22:34:24,2018-04-24 20:15:57,2018-05-10 00:00:00
7e8533d7ec832acab2a8cf3b8c13dff9,14c5a62a317324d6479b2f68c58fd162,delivered,2017-11-10 11:39:03,2017-11-10 11:50:27,2017-11-16 20:18:40,2017-11-30 19:38:38,2017-12-05 00:00:00
c69c18eaa4efb1da1d0a89ae4e9ee485,a8c58a2803895dbfa679c57766ad69c4,delivered,2017-06-14 14:13:14,2017-06-14 14:22:55,2017-06-20 11:54:21,2017-06-26 14:47:55,2017-07-18 00:00:00
7f61f0eeb7f603d49e02f6b2a7b709eb,3c901db1df72e65cb8da76c934122a1b,delivered,2018-04-03 10:10:56,2018-04-03 10:28:48,2018-04-05 00:42:44,2018-04-14 00:36:39,2018-04-19 00:00:00
49b28a42d5f67ef10024f70bd79e229e,f0e88593745900d1712f11d546bf2d2a,delivered,2017-10-21 19:16:51,2017-10-24 03:49:37,2017-10-24 16:42:30,2017-10-27 20:49:51,2017-11-13 00:00:00
f14285a51b784d0a199a4e8193fead6c,6d35b6b4d991a944bcb896d13a298ab2,delivered,2018-02-18 15:02:12,2018-02-18 16:08:06,2018-02-19 20:19:22,2018-03-03 17:11:47,2018-03-14 00:00:00
48611dc4b01295b86465757d9c19d995,dba31fe3735e263a9032085c7fe3dd3d,delivered,2017-12-27 19:16:46,2017-12-28 07:07:50,2017-12-28 15:13:48,2018-01-10 19:17:36,2018-01-24 00:00:00
69b7bc8c7cc159eb5edc4ceb96b28c55,fb08ae08a633a43d908c5f80fdaa2667,delivered,2018-03-13 13:25:04,2018-03-13 14:31:54,2018-03-22 20:12:25,2018-03-27 17:57:38,2018-04-20 00:00:00
24016340d5156f96d37500c78a7fe591,23090a6b2fc85e04dcd36563dcfa1af5,delivered,2017-08-17 15:44:39,2017-08-25 09:30:19,2017-08-29 19:10:50,2017-08-31 20:36:03,2017-08-30 00:00:00
142ac5357e541e5881d26fc5eb5f3754,660c817af06c2d842014a12d5871c1f9,delivered,2018-04-30 20:24:33,2018-05-01 03:15:02,2018-05-03 12:27:00,2018-05-09 19:50:37,2018-05-15 00:00:00
91375775b1203d41f95ade228721b3a5,4bfd77e89f8aa644e6d2b7de26ebcde6,delivered,2018-05-06 13:06:51,2018-05-06 13:33:05,2018-05-07 14:43:00,2018-05-14 21:38:36,2018-06-04 00:00:00
ee6ccb9e2ac9c3de0114a22625cbc859,4106ddef0ac33e5a0e3143456ac5f16c,delivered,2018-03-18 22:17:56,2018-03-20 20:50:36,2018-03-23 20:20:50,2018-03-26 22:22:45,2018-04-13 00:00:00
9447715ad192d3c877e9dd56205c66dd,7d84bbeca5122dc5bde314dee413ac26,delivered,2017-12-19 23:28:46,2017-12-20 09:51:46,2017-12-21 18:08:38,2017-12-27 20:28:15,2018-01-12 00:00:00
ac730ec54a5502ff2a207c2f485f3d83,bee38172e88b59389711a1147ac7521a,delivered,2018-08-15 10:52:48,2018-08-15 11:05:46,2018-08-15 14:15:00,2018-08-18 15:20:38,2018-08-24 00:00:00
ed8ea0a2a84f051dc83699eb389facb1,e60baa4442cb2a2f5e3c4fbad4dc16b5,delivered,2018-07-28 13:12:52,2018-07-28 13:31:42,2018-07-30 13:52:00,2018-07-31 18:38:28,2018-08-02 00:00:00
a9fd47117c3f6b4e72456d5331e2bfb1,779609a1ecaee6f5ea1b6e50359c0aa1,delivered,2018-02-01 15:10:56,2018-02-01 15:34:49,2018-02-05 21:43:24,2018-02-14 22:36:34,2018-02-23 00:00:00
768e562205a3f907b620aa6f945f596c,f7ceef0c0b1744d217b4b095c8a461f7,delivered,2018-07-10 17:25:18,2018-07-10 20:31:23,2018-07-16 09:15:00,2018-07-23 19:58:42,2018-07-30 00:00:00
6e2cdd89bd171bd4572aaa9535c4a202,a2d2d6b21bf7c4a1f2e5156e43258eaa,delivered,2018-01-30 23:30:43,2018-01-30 23:54:54,2018-02-01 00:13:54,2018-02-09 18:42:37,2018-02-22 00:00:00
5f783382a74cf95c03c789405c2fb161,1e5b699b9ff60486d8d641a538974d75,delivered,2017-04-13 08:45:32,2017-04-13 08:55:12,2017-04-13 12:22:06,2017-04-20 10:44:51,2017-05-09 00:00:00
90de07e389ed6cd973ae93d5b36f159c,4212cb0b515edd1723eb5dade9852916,delivered,2017-11-20 18:02:21,2017-11-20 18:14:29,2017-11-22 00:24:32,2017-11-29 19:58:47,2017-12-08 00:00:00
9de85e24940c7fd91ec9ee1dd540b3cf,01e5e7553c95f21eda0aaf0da6e0e4d1,delivered,2018-05-07 20:54:53,2018-05-07 21:14:01,2018-05-09 16:36:00,2018-05-11 00:03:49,2018-05-17 00:00:00
6feaea9098fb736023b2e4bc246ba7fb,23982a817b35161e034f66e8dabadbd3,delivered,2018-04-22 21:30:44,2018-04-25 03:51:19,2018-04-26 13:25:00,2018-05-09 18:35:51,2018-05-22 00:00:00
9435ca5afd4668e55d0dbd99c204b42b,110854a59606d579bbac092d70777bc8,delivered,2018-02-27 10:12:37,2018-02-27 10:30:33,2018-03-05 17:36:50,2018-03-08 22:52:43,2018-03-13 00:00:00
e897d96adf4da16805cd6faf2913ce48,ede6d420b95b2d4145c3e0de07483597,delivered,2017-05-06 12:28:42,2017-05-06 13:02:28,2017-05-16 17:24:45,2017-05-19 16:36:08,2017-06-02 00:00:00
7982cd132de6a47ae472689085239b83,03b188ca8a8eb2ac83073a9063a1f1af,delivered,2017-11-13 11:56:56,2017-11-13 12:10:42,2017-11-16 17:09:54,2017-11-17 22:12:36,2017-11-27 00:00:00
3a6bf12cb580b92b0d58b93fd1a35e17,503338c1b6e6a0cb8cd2f848c42c7207,delivered,2017-12-05 21:18:13,2017-12-05 21:29:30,2017-12-06 23:51:59,2017-12-07 22:28:52,2017-12-21 00:00:00
c504f1f5fd54cc8398d57dc0da49de01,f5294fd3bc349e076861698912675c2e,canceled,2017-07-09 09:18:56,2017-07-09 09:30:10,,,2017-08-10 00:00:00
b541ddf0b037dc357b232eac15bca4a7,a9747726d8eee30a4508fa88cd8a20a4,processing,2017-11-08 19:49:12,2017-11-08 20:30:58,,,2017-12-08 00:00:00
cadb75b4ce8646d41b77eff5faa5d300,a9b64930cc252ddc772d8fd2db472fb5,delivered,2018-05-13 18:32:08,2018-05-15 03:35:11,2018-05-17 15:23:00,2018-06-04 23:27:24,2018-06-05 00:00:00
7d5ba597429574dce3200b4b20686641,b8c060a4856dc6ff0c09194202aeca51,delivered,2018-06-17 20:40:48,2018-06-18 20:36:55,2018-06-19 15:20:00,2018-06-22 21:06:40,2018-07-16 00:00:00
cea25ef7695cbbf27888da010e3ddd2a,1551880a021b8cc82b9d9fc4b1991506,delivered,2018-06-29 14:24:39,2018-07-05 16:06:14,2018-07-03 13:22:00,2018-07-11 23:55:34,2018-07-25 00:00:00
5a909d6376edac123359549cd82341df,399178f4096fc06d8539ca9b877f7c15,delivered,2018-03-06 21:33:52,2018-03-06 22:09:22,2018-03-07 20:22:18,2018-04-06 21:31:58,2018-03-23 00:00:00
65c6c6e3397b02121a0a14f07514612c,edcf166270d2ea3a3dd093c74deb5c9e,delivered,2018-05-15 15:27:57,2018-05-15 15:55:48,2018-05-16 13:44:00,2018-06-04 20:26:42,2018-06-11 00:00:00
d9544a5262bc4ab34c701c37a69635c2,b12e23d0bf11297749d4ff141ad16040,delivered,2017-07-30 22:21:37,2017-08-04 11:33:20,2017-08-02 18:22:28,2017-08-14 16:45:09,2017-08-22 00:00:00
68999281f861381c5d124f1f0805daba,778f92552296fa2e9a576df5114be74c,delivered,2018-08-16 17:32:11,2018-08-18 03:09:50,2018-08-21 14:48:00,2018-08-27 22:14:27,2018-10-02 00:00:00
8ef664ca9ba580dbcca88364ae0f2dca,06a5618b8b0cf1846231580b7456fe09,delivered,2017-03-18 17:45:15,2017-03-18 17:45:15,2017-03-28 08:04:00,2017-04-07 11:30:23,2017-04-13 00:00:00
a65fde0b04e8ca23f84e79c9935e3b93,212acdad47c7cfa84e2103b1a76c150f,delivered,2017-11-29 18:07:54,2017-11-30 02:24:18,2017-12-07 21:59:02,2017-12-30 13:42:21,2017-12-27 00:00:00
1f2d748b450582951d24a89c0e2fa4d4,63070e4e96e9d1d514fa14fe39ff5ded,delivered,2017-11-24 13:28:36,2017-11-25 06:31:34,2017-11-28 17:54:00,2017-12-09 15:24:47,2018-01-04 00:00:00
d3293a23682de796b404af990fe62f6c,a1db13809daa40c7510f1f1a768177e6,delivered,2018-06-11 15:43:54,2018-06-11 16:19:51,2018-06-12 14:10:00,2018-06-14 16:34:49,2018-07-03 00:00:00
9109f2cca26d92ac4e064bb93da37c74,b5f2a4924544faeb20cb0c0b658cac45,delivered,2018-07-22 20:05:18,2018-07-27 23:31:15,2018-07-24 14:01:00,2018-07-31 21:28:59,2018-08-21 00:00:00
6e89356727f542ba8a963e10646a889c,76f508e84443c4de1722b65fbbeedd6c,delivered,2018-01-09 09:52:31,2018-01-09 10:09:47,2018-01-11 23:16:35,2018-01-23 16:25:41,2018-02-07 00:00:00
322d561e43a3a0c5887b628a62cb69ab,bfc7e980a1b6d2e84bc6f304cfe3846f,delivered,2017-06-05 15:09:50,2017-06-06 15:15:10,2017-06-07 09:44:56,2017-06-13 11:19:50,2017-06-26 00:00:00
36b7b9c89099230dbecdcde16e84c1cd,03e454af33e93cda33e1b22175ab8361,delivered,2018-03-27 18:22:21,2018-03-27 18:35:18,2018-03-28 21:51:52,2018-04-03 14:51:18,2018-04-27 00:00:00
8603de8fb5551ed7faf81d2a31b8bf0e,0037d14e53af1d555a582504a4058f4c,unavailable,2017-06-11 17:40:22,2017-06-11 17:55:17,,,2017-07-05 00:00:00
0507a74781354ea643bff372311d2a97,cdf96d2b0152fd28e7ded02cd0743815,delivered,2018-05-21 16:41:06,2018-05-21 17:34:06,2018-05-22 19:04:00,2018-05-23 19:32:17,2018-06-04 00:00:00
35133d30b32f389949394cf5ce8ab03e,054a61b5ef37f443a58664bdea26488e,delivered,2018-08-09 10:08:22,2018-08-10 16:25:08,2018-08-13 17:43:00,2018-08-17 22:17:51,2018-08-23 00:00:00
1c958182f10d6fcbac7728c8d3a151f1,08e16d18de470d7041b38c2b4031dbc1,delivered,2018-07-23 15:09:44,2018-07-23 16:05:15,2018-07-23 14:52:00,2018-08-01 21:05:05,2018-08-14 00:00:00
27e2a7e5ef6ee74e734f296c3a0e33f8,e78e95c694dc4c2aae6e6975bb58bd48,delivered,2017-03-06 19:45:34,2017-03-06 19:55:13,2017-03-07 10:11:49,2017-03-13 16:58:04,2017-03-30 00:00:00
c29831d189569aeda9a401509412d8ba,36b7c241d7c541245697882622147c28,delivered,2018-04-13 22:40:44,2018-04-13 22:52:38,2018-04-16 23:52:12,2018-04-26 15:42:54,2018-05-11 00:00:00
4ea517483bf1d3580730f6042334d158,5f91bcc2059ea3621ae1e319a74f90c8,delivered,2017-08-29 22:26:30,2017-08-29 22:44:58,2017-08-30 20:35:27,2017-09-04 17:51:45,2017-09-21 00:00:00
eb4d09476b0c4b4e17bee697d1adde36,d30c5b4b3b5e3156670d70ec32e26476,delivered,2017-12-18 22:09:16,2017-12-18 23:12:28,2017-12-20 16:46:46,2017-12-26 20:47:41,2018-01-15 00:00:00
a7c8f80297142bb722fe6d1bda6f5fe6,d3a8e1ea909151a954accab74ea6b663,delivered,2017-11-28 21:32:32,2017-11-28 21:51:24,2017-11-30 20:18:52,2017-12-01 17:48:43,2017-12-12 00:00:00
483a06928959b498933c3b7efe98a755,61398642b474ce5cdb1531eaac1b9f34,delivered,2017-05-31 18:46:48,2017-06-02 04:33:47,2017-06-02 13:12:40,2017-06-13 07:12:24,2017-06-21 00:00:00
7f7b0dbca9d4f3fe1e1bd04866499f8d,04ea55920e35d12b624eed3a92b137f8,delivered,2018-02-03 21:54:08,2018-02-06 04:32:58,2018-02-09 22:52:29,2018-02-22 19:14:00,2018-03-13 00:00:00
d1ea55f7318ed68dab3622af81e15141,7882d91898341a59ddd07cc20b613d40,delivered,2017-08-26 19:57:52,2017-08-26 20:10:20,2017-08-28 18:10:57,2017-08-31 14:32:17,2017-09-20 00:00:00
62793c4368ddb047724a9edc96964287,310ff09e1ab4ffc13b233a9cb0271750,delivered,2018-04-18 13:37:54,2018-04-20 07:35:24,2018-04-30 16:45:00,2018-05-22 15:41:12,2018-05-11 00:00:00
d1ec4a382397fb4e5862c70ce598eed4,511898aa78adbbc58e60ec449038d586,delivered,2018-04-23 17:28:09,2018-04-24 18:29:16,2018-04-25 08:46:00,2018-04-30 19:04:09,2018-05-21 00:00:00
f833a0260cb98fa615a517d4e4a8cdf3,6b74fa3521fe75edbeff9948022f13d1,delivered,2017-05-03 14:31:43,2017-05-03 14:42:38,2017-05-04 13:08:12,2017-05-10 11:34:12,2017-06-05 00:00:00
16725237f8f6e32f876dfeca7624063f,0971e7340c57e772a442f0f319161c7a,delivered,2018-07-23 17:14:32,2018-07-23 17:25:35,2018-07-31 18:53:00,2018-08-03 19:35:45,2018-08-10 00:00:00
73ee5d9bf5f571053d72b662d6011341,d16f0af73b9e96b00e80f098f42d8fb9,delivered,2017-10-12 23:43:48,2017-10-13 00:35:13,2017-10-17 20:07:56,2017-10-20 21:03:35,2017-11-03 00:00:00
ea34eae68a8f3d0332107c30b071c7a9,6ba6e5bf30ec197d1fefdebdc67ffa21,delivered,2017-06-06 14:54:45,2017-06-06 15:05:26,2017-06-12 14:40:49,2017-06-19 21:41:53,2017-06-29 00:00:00
49a8c35e52085c0a43f03250d944f2f9,f4eee7d403366b7c3262786e1e9a2823,delivered,2017-11-08 11:45:40,2017-11-08 12:31:00,2017-11-10 12:08:50,2017-11-17 16:04:33,2017-12-01 00:00:00
c76851af7999b8aa431fe982f3fd1126,3cdc8728a9467f9c870c5a6a924dad15,delivered,2018-01-04 09:12:03,2018-01-05 02:37:57,2018-01-05 20:22:18,2018-01-12 23:25:12,2018-02-05 00:00:00
99e4bed65a545aa74dfbdfe233f052a5,54b6f1f21ebb3358d8aff74164294c37,delivered,2017-06-26 11:27:02,2017-06-26 11:43:25,2017-06-26 14:57:29,2017-07-07 19:05:06,2017-07-18 00:00:00
3d8548cd4cec4412f9007bf10e67b70f,58c39b85579b280bb8c173de81749e7f,delivered,2017-11-28 17:12:30,2017-11-28 17:35:47,2017-12-06 19:52:38,2017-12-11 15:54:42,2017-12-12 00:00:00
e182a452122b1137aec51d2c736995ff,44c163ba5aaf3acd361440226d683c7d,delivered,2017-12-10 23:44:08,2017-12-12 03:50:30,2017-12-14 21:52:00,2017-12-29 23:16:21,2018-01-04 00:00:00
b8730b40b8f9bf7c1d557c083f82a682,abcda364aa8588e2151e33d27268bcf6,delivered,2018-03-26 16:02:09,2018-03-26 16:15:21,2018-03-27 22:42:07,2018-04-05 11:50:51,2018-04-19 00:00:00
3d48d7055649a7d98f6a19f781314830,55b310ca8e15aae5537a5a579e8f26ed,delivered,2018-03-15 15:05:33,2018-03-15 15:15:41,2018-03-21 19:32:56,2018-03-25 15:33:12,2018-04-03 00:00:00
8734071c7bfc4d453e59546b22c5ce0e,78bebfa74709728a62d4a98efbde8ac0,delivered,2017-10-07 09:50:07,2017-10-07 10:05:52,2017-10-23 19:15:16,2017-11-28 22:24:42,2017-11-10 00:00:00
1ecda016913167c1bc9dee2cce81c7da,86449fa8124082cf35a0555fc351f631,delivered,2018-04-26 23:07:03,2018-04-26 23:31:16,2018-04-27 12:19:00,2018-05-16 10:33:56,2018-05-24 00:00:00
ac7be03875c6dcaf9cbe029dceeaf54c,fbd922e9f5bf7801d5158eca21b27c26,delivered,2017-08-14 21:29:09,2017-08-14 22:24:25,2017-08-16 11:59:54,2017-09-05 17:24:18,2017-09-15 00:00:00
c46deef64dc8913af348b596ff4fc40d,485e5344b94b80fc5ed918cc14a7414e,delivered,2017-12-11 12:49:55,2017-12-11 12:58:25,2017-12-18 19:18:19,2018-01-04 11:25:01,2017-12-28 00:00:00
36dfa5ee84af8da4fc7f9af242219972,c7566e4988f02bd02e875d35d4ae4ac2,delivered,2018-05-19 12:48:19,2018-05-19 13:11:22,2018-05-21 08:25:00,2018-06-05 14:58:53,2018-06-20 00:00:00
60f0f4f310904e1d0c7d41224fcb45d6,75c822ccf568d44bb0a6066731ef9baf,canceled,2017-08-02 17:56:11,2017-08-02 18:10:16,,,2017-08-30 00:00:00
6da03ff3a2192306afabb2c8afb92c5b,196568a17e905501e428b29ca61042cf,delivered,2017-08-14 14:38:17,2017-08-14 14:55:14,2017-08-17 23:57:32,2017-08-24 17:23:35,2017-09-20 00:00:00
3a2055cbe4a8f77c7d7a861ca36170f4,457947d8c467714d88bbf3c3b9080009,delivered,2018-04-19 19:18:37,2018-04-19 19:31:29,2018-04-20 22:49:00,2018-04-24 20:41:10,2018-05-29 00:00:00
53571e4877460790f5910534d81d533d,03021263578e74c1f2bd92697a37d93b,delivered,2018-07-04 20:41:02,2018-07-05 16:08:01,2018-07-05 18:55:00,2018-07-06 13:42:10,2018-07-19 00:00:00
a5a1cabede9ba7b85cc04f0c65bddb88,c364f67e37eacbbc562be9a71889bc2a,delivered,2018-08-03 00:15:35,2018-08-03 00:25:16,2018-08-03 12:12:00,2018-08-07 20:22:52,2018-08-13 00:00:00
6094159cbb1c76bdf3249a954c2da017,e2a1ab008932ae1211651ffb0cffe7ea,delivered,2018-05-17 14:40:34,2018-05-18 00:14:56,2018-05-18 11:20:00,2018-05-30 20:44:25,2018-06-05 00:00:00
382a503d9d9928675c03cb26ea99b262,a71c238a73216055be790a966f67ab94,delivered,2017-08-06 19:40:37,2017-08-06 19:55:06,2017-08-07 19:53:57,2017-08-11 13:49:50,2017-08-25 00:00:00
cdc6f3d564f23d5a74718b6506312d73,b0589a40c88f375b99931580b7f26610,delivered,2017-11-23 00:10:31,2017-11-24 03:10:59,2017-11-24 19:42:02,2017-12-19 00:51:32,2017-12-15 00:00:00
f6e09765a386aa4607ea665f090511ae,8c4d6b0b94bdda396e839a02feeaff86,delivered,2017-11-23 07:43:48,2017-11-23 07:54:29,2017-11-23 17:12:25,2017-12-08 13:27:03,2017-12-12 00:00:00
c187d987adeda75b5ab837e11d253eab,cd7fce401268bce93c1a08db08dec8de,delivered,2018-04-18 14:37:57,2018-04-19 02:32:04,2018-04-20 17:58:31,2018-04-24 00:14:54,2018-05-07 00:00:00
7955ebc3660bd2a004a4eaa016b3a190,cea436373ebc00f078516007dc42df58,delivered,2017-05-23 11:14:47,2017-05-23 11:25:12,2017-05-24 11:04:09,2017-06-08 16:06:58,2017-07-20 00:00:00
c4abf2eb2ea936ee6fc6e630b152fb77,d7314e9d240737da330e0f83ac4bd257,shipped,2017-03-09 20:50:46,2017-03-09 20:50:46,2017-03-14 10:01:57,,2017-04-03 00:00:00
b6bf0977a04c2f3b84bf63aa0d308b5e,a5fbdec2c17bfe055e28024387bc8f99,delivered,2018-03-01 14:21:25,2018-03-01 15:10:31,2018-03-02 15:53:13,2018-05-03 02:43:43,2018-03-28 00:00:00
fb782978193f7e29ff62d9b64c93ff54,17cf99bbc536657ddba8b1428192e103,delivered,2018-06-07 20:42:19,2018-06-07 21:36:00,2018-06-08 14:14:00,2018-06-13 19:12:34,2018-07-03 00:00:00
871294c2faf8ee65dace13b21512735a,51a88ba8580d25bc1185deff1d221521,delivered,2018-04-04 16:05:12,2018-04-04 16:28:28,2018-04-06 22:07:37,2018-04-07 13:41:58,2018-04-16 00:00:00
d4174eb830aa8dc92a23395da7d5012b,703cd2dc00359d094d521dfb00186250,delivered,2017-06-18 11:00:03,2017-06-18 11:15:18,2017-06-21 19:03:09,2017-07-03 12:37:46,2017-07-21 00:00:00
33d6fae0e702308c1b1c332b45653b71,896dada927cc2f8481ce0733ac6468ec,delivered,2017-02-20 09:17:34,2017-02-21 04:35:18,2017-02-22 07:47:44,2017-03-07 18:18:28,2017-03-21 00:00:00
9236b5f6966275539861284a31b94efe,ccae8f97bb03a9257e3abbb5baf17a1e,delivered,2018-05-19 22:43:35,2018-05-20 00:25:53,2018-05-21 08:29:00,2018-05-23 18:14:45,2018-06-04 00:00:00
66823322383fb178187b76028b8f8eab,7d3460ebd7b140cb166071ca96858a90,delivered,2017-10-11 11:01:17,2017-10-11 11:14:12,2017-10-23 16:14:15,2017-11-08 18:18:47,2017-11-13 00:00:00
6e68db908b8a2902c4f8309e1c1cbe3f,f7c1fc6ee1c33862103af46259da9c1e,delivered,2017-11-07 08:28:02,2017-11-07 08:45:58,2017-11-07 19:14:16,2017-11-16 18:04:47,2017-11-28 00:00:00
99010278c2b3874e0f208c91587975d8,11f4c7384d8debfbb64acf9c9a44bc95,delivered,2017-06-01 18:58:41,2017-06-01 19:10:19,2017-06-02 08:05:51,2017-06-05 10:28:05,2017-06-14 00:00:00
cd765bd17903ea30da9a83f9c0532d16,a4cb2c471ad7d5392d84612e57b562b7,delivered,2018-02-13 21:09:15,2018-02-13 22:00:26,2018-02-14 20:13:15,2018-02-19 21:52:04,2018-03-06 00:00:00
6bc824157c599390bc2e129920bda169,5c3aa55394c788b6669d49695e37776b,delivered,2018-07-19 21:02:21,2018-07-19 21:15:11,2018-07-20 10:23:00,2018-07-26 15:48:51,2018-08-08 00:00:00
e6ccb4e29b42a81b774b13101835b5a3,f5d36001e841dad8e3810fcdec2dda19,delivered,2018-07-26 16:16:57,2018-07-26 16:35:08,2018-07-27 10:57:00,2018-08-03 00:12:01,2018-08-16 00:00:00
14e6e050a57912543937e93051cc7b2c,d006bd8339ac9891923132af6408f557,delivered,2018-06-24 19:01:52,2018-06-24 19:20:23,2018-06-25 15:57:00,2018-06-28 13:03:08,2018-07-27 00:00:00
7368d87533725a6bef612cdc83678f4f,4dd6b4d96472044939e2bf6143a90712,delivered,2018-03-31 12:48:27,2018-03-31 13:08:40,2018-04-12 19:22:47,2018-04-20 19:32:53,2018-04-25 00:00:00
fa85fa75418b73f193949be7cb639fce,c3efc16af56a84e93d5f2356aec092ec,delivered,2018-01-26 09:14:20,2018-01-26 09:42:21,2018-01-30 23:21:57,2018-02-23 21:28:51,2018-03-01 00:00:00
c887294d29ae18c8f8cdfa478a4a36b2,7a4f8eaebcf61c55ecc1812c83311787,delivered,2018-05-18 15:30:17,2018-05-18 15:55:42,2018-05-18 16:10:00,2018-06-06 19:26:46,2018-06-06 00:00:00
01218a8a807fc187849529e6f12237a9,a652f27bc38cb4869b7d5d82902c0b16,delivered,2017-10-22 23:06:06,2017-10-22 23:14:25,2017-10-25 15:05:08,2017-11-01 17:28:49,2017-11-14 00:00:00
438f8c9a0abdfdd3401b52e89084c612,9f5d8c4f6c4ca201d03d3a9d50704f9a,delivered,2017-02-13 18:50:16,2017-02-13 19:03:08,2017-02-20 07:32:24,2017-03-02 15:38:06,2017-03-17 00:00:00
fdfeec75aa07c1d2a88b17b8fbfc7b8f,8fbd29638b8ddd97d012473abf1f7752,delivered,2017-02-24 22:28:55,2017-02-24 22:42:22,2017-03-04 11:58:57,2017-03-14 16:17:59,2017-03-21 00:00:00
6f209510f34ce1a8c89d11273039981d,3523a3beae4b3f9d398b0cf0b2bcb630,delivered,2018-05-12 09:58:38,2018-05-12 10:12:15,2018-05-15 09:02:00,2018-05-21 13:44:46,2018-06-07 00:00:00
8b31141d6a9f3bb71baa36281157a9a8,99ef70ecdfc7f7d28ea4c3538df4e84b,delivered,2018-01-05 13:47:50,2018-01-05 13:58:24,2018-01-05 21:33:59,2018-01-10 22:21:00,2018-01-30 00:00:00
a0325a9eb3a1eb5e4a83facd8937ebbe,c19dabbe1bbe7614a3cd3721dd3cb6f5,delivered,2018-07-01 23:32:48,2018-07-01 23:49:51,2018-07-03 13:40:00,2018-07-06 18:48:34,2018-07-25 00:00:00
b5fc960abab37371da1c03614f4f53f4,4b940010fe9fa9b94f3848ca59102e8e,delivered,2018-04-26 13:13:04,2018-04-26 13:30:29,2018-04-27 15:21:00,2018-05-03 17:58:38,2018-05-22 00:00:00
3e191ce3f3742cbcfedc1d60b15254d2,6ed977477908860b2d486259c0d5eb0b,delivered,2017-11-01 14:27:51,2017-11-01 14:45:50,2017-11-03 16:25:42,2017-11-08 15:02:38,2017-11-23 00:00:00
7c9c832fe99dad4a802af290889522e5,df82bea0664349eb5b8a7ef73871fc49,delivered,2018-07-27 10:20:01,2018-07-28 02:44:34,2018-07-31 12:06:00,2018-08-08 15:12:17,2018-08-21 00:00:00
677b1a4dd9c69ee17aafc0d2b33af06d,4014f8100253a286ddb8b4594f862531,delivered,2017-06-12 09:21:23,2017-06-12 09:35:21,2017-06-12 11:08:47,2017-06-29 15:13:52,2017-07-11 00:00:00
707ce8d2f93336ab1524c11cdb659bec,79d1d82da7289f7cdd5f611d6c5df0af,delivered,2018-05-09 22:09:32,2018-05-11 03:37:36,2018-05-14 14:56:00,2018-05-21 17:28:41,2018-06-08 00:00:00
54544d34fc9df898bc9cf98c1ac24518,24292f67c356eea18ec91a1e9c33cc4b,delivered,2018-04-23 11:20:45,2018-04-24 18:57:12,2018-04-26 14:31:00,2018-04-27 13:12:51,2018-05-07 00:00:00
dc281ba54d58f3a819966dc9c879241b,4e513a51bf088b776864a966b91fd79c,delivered,2017-11-18 18:52:08,2017-11-18 19:06:52,2017-11-20 14:36:50,2017-11-21 19:41:43,2017-12-01 00:00:00
4e204da6cc8b59dcfdc532fb5a9281f0,2ffdb3851fb34c5c1fdfd9b9116c0103,delivered,2018-06-05 16:30:23,2018-06-05 16:53:32,2018-06-06 12:44:00,2018-06-07 18:07:51,2018-07-03 00:00:00
0e1670a6f68c72266681ed85b4e4f73a,d3bd738261705a7ca540dad36d95623c,delivered,2018-08-22 11:05:15,2018-08-22 11:24:34,2018-08-22 13:16:00,2018-08-28 02:14:48,2018-09-10 00:00:00
f9748b4011ad98a145ac788b1201b7c6,2ce9a7ccf6ab4ee349e1c33c7fa92ebf,delivered,2018-01-21 14:20:45,2018-01-22 13:50:52,2018-01-24 16:09:18,2018-01-29 21:51:26,2018-02-20 00:00:00
53ca14c357e60c77cd57aa96c8f0b4a5,f1cf46100438d0ef4e1916f2aef26718,delivered,2018-04-12 19:57:59,2018-04-14 12:11:11,2018-04-16 19:11:24,2018-05-02 19:58:28,2018-05-21 00:00:00
8c3b7297f4d519ec5e4dc1f72b6165b1,e45233d12353c37d9a47b0e9d1416ab1,delivered,2017-11-25 16:14:20,2017-11-25 16:31:20,2017-11-27 20:24:28,2017-11-28 17:13:28,2017-12-11 00:00:00
28cee6e32da30679cbfe3da21d2608e1,3a1a43b64b07a4252f466e05381a74f5,delivered,2018-08-22 19:19:31,2018-08-22 19:30:25,2018-08-23 13:06:00,2018-08-29 13:31:47,2018-09-06 00:00:00
19843d257bf7ac782b0e4763f12b0a2f,be34d8fc402cc78e2fd1dbb151e9ad00,delivered,2018-04-26 11:03:36,2018-04-27 03:31:07,2018-04-27 14:15:00,2018-05-07 15:22:11,2018-05-23 00:00:00
93bed0379e664bd3651c25c95358787b,060e0b4c512c109c094bcfddc0416ea3,delivered,2018-04-12 22:21:56,2018-04-12 22:35:15,2018-04-13 17:32:26,2018-04-21 00:46:49,2018-05-09 00:00:00
8c0ba0ee5bf1417ede40de0a3621f727,54ad906d580b519997fe18d8420acdd1,unavailable,2017-09-29 13:23:03,2017-09-29 13:35:21,,,2017-10-17 00:00:00
923739f2c3d4519a00bfcaaed30723d5,0f6c860f19e5aa6c03102b0b7d835e2f,delivered,2018-01-27 10:54:53,2018-01-27 11:16:02,2018-01-29 20:57:04,2018-02-07 21:09:05,2018-02-23 00:00:00
4a44cc6468fbb1828cca8e10440a6ac9,2b26fba665d933c5fd8c7c3cb844f27f,delivered,2018-05-01 09:53:51,2018-05-01 10:16:38,2018-05-03 13:49:00,2018-05-11 00:47:45,2018-05-24 00:00:00
d2e4ad2926dc435008abc29210ace9f3,a22bb337cbbfd6263b5b91561e72cb53,delivered,2018-04-11 20:10:33,2018-04-11 20:29:40,2018-04-13 14:54:24,2018-04-18 21:04:31,2018-05-04 00:00:00
2d69f30fc9b478ec8ed398d396218886,c238e28ef2f7743e9224d4a7db9b9d3c,delivered,2018-05-14 12:38:18,2018-05-14 12:52:43,2018-05-15 14:41:00,2018-05-16 18:35:47,2018-05-24 00:00:00
5849d6026e6ef0340a5e699086dbfbc7,5fb671249003c434b2f6221315c7bbef,delivered,2017-04-13 20:32:27,2017-04-13 20:45:10,2017-04-27 05:22:03,2017-06-02 07:42:04,2017-05-26 00:00:00
3012c36a0f6377ec543f931bf33923d9,87e46784e51e259b907957c54c22cb5f,delivered,2017-12-30 12:19:04,2018-01-03 04:11:29,2018-01-05 22:49:16,2018-01-15 17:15:35,2018-01-29 00:00:00
4393a63adeef0f3e606c78bd143f044d,f2964656a77f6f0b5b0db9acce8a863a,delivered,2017-09-01 15:10:26,2017-09-01 15:25:49,2017-09-04 22:32:25,2017-09-08 17:17:52,2017-09-20 00:00:00
fdd8197e350ed073eeb591a6dc3e74c8,e506103f74807102963d7f0d9f1860c6,delivered,2018-02-05 20:43:05,2018-02-05 20:55:51,2018-02-06 18:07:21,2018-02-16 20:43:53,2018-03-06 00:00:00
11f7b0d8e34bbcd73125bf46d0184a99,10e01f78f465b6c879d2bab6d4d0d7da,delivered,2018-04-09 13:52:54,2018-04-11 10:50:59,2018-04-13 01:11:53,2018-04-20 15:31:04,2018-05-09 00:00:00
2db2dc20484db2974294a7ef21cc66c8,c79aa808ed234be97e83b033ca5789f6,delivered,2017-04-26 15:05:22,2017-04-26 15:15:20,2017-05-15 11:28:35,2017-05-24 16:03:55,2017-05-30 00:00:00
d8c3814df9c4a328159b280e60a59486,e1da85c44ec16ca1c253fec643d257ab,delivered,2018-08-17 11:15:02,2018-08-17 11:30:37,2018-08-17 14:49:00,2018-08-21 16:20:47,2018-09-03 00:00:00
edf6ca78e2f6def9edbec6b61c2194bb,da650708e2f0b63796c04b0f05080902,delivered,2018-04-17 16:58:12,2018-04-17 17:10:50,2018-04-18 20:36:42,2018-04-24 19:36:46,2018-05-10 00:00:00
0d71624d3497568c5af4fa0fc5faa967,5a0ce17620554f641a8113fc965194c5,delivered,2018-08-15 18:51:47,2018-08-17 07:01:34,2018-08-17 13:53:00,2018-08-22 17:38:43,2018-09-13 00:00:00
bc52ee2d28a015510123067432c70c17,834518d4594b0bcb116acbe814f1bc03,shipped,2017-07-29 19:08:08,2017-07-29 19:23:36,2017-07-31 20:07:06,,2017-08-30 00:00:00
474bc81adb51b57d631c2661d8ad3894,37bac99ac2045d59bf00c217cfd316cf,delivered,2017-11-17 13:12:37,2017-11-18 07:35:32,2017-11-22 23:27:36,2017-11-27 20:09:01,2017-12-08 00:00:00
69a236fbbc4a603ebfa4468a3bdcb140,1bd6b1b425cc25c6e0c79f68d28fe2fb,delivered,2017-04-25 01:46:02,2017-04-27 10:32:00,2017-04-26 09:11:44,2017-05-03 13:39:47,2017-05-25 00:00:00
8374f35f0981af1a2b2ebc5cc5ac9859,8df816d91d225a9a6ab57c030278eb80,delivered,2018-02-12 14:44:15,2018-02-15 04:07:49,2018-02-21 10:29:07,2018-03-01 22:38:36,2018-03-09 00:00:00
3991f987ebb5686ac2cd5fb69d16d9c4,b3238c49535e70a13bc79e930519ba8a,delivered,2018-07-12 23:06:51,2018-07-13 08:35:16,2018-07-13 14:48:00,2018-07-25 21:28:48,2018-08-13 00:00:00
b78da14c140496aa8b460e0822009d59,e5d16033bafd87eaba2b0e2276d8ffd0,delivered,2018-02-22 10:45:52,2018-02-23 10:50:53,2018-02-27 18:08:38,2018-02-28 18:28:39,2018-03-08 00:00:00
94a475eca54dd55d7b506fa56a0e1695,7f8d90a7ede6e6e0df5f3dc68510e1de,delivered,2017-10-22 07:27:29,2017-10-22 07:49:11,2017-10-23 23:17:43,2017-10-31 16:03:07,2017-11-14 00:00:00
d6a043b1faaa04d723fbbe8b015f0dd6,333d057b8000f250bb2dbf5b6359799a,delivered,2018-07-03 22:53:45,2018-07-05 16:27:05,2018-07-04 12:09:00,2018-07-11 12:54:49,2018-07-18 00:00:00
b7dc8c5296b448a5ccebf0c992c09f86,198866761455c414ecbba438e7256653,delivered,2018-01-26 12:09:55,2018-01-26 12:22:21,2018-01-26 22:41:16,2018-02-01 14:58:37,2018-02-19 00:00:00
18c1040bac4b6a31a10b6d4201072ce2,3e1180884767238f00a30b9bc529783d,delivered,2018-05-09 13:05:32,2018-05-10 17:38:07,2018-05-11 13:02:00,2018-05-17 20:41:39,2018-05-30 00:00:00
9edcbab43a1784c6aa3737a7f2fb5dde,2e0bb6cf1ae6611a52cf0db0e85295a4,delivered,2017-02-19 16:20:02,2017-02-21 04:55:45,2017-02-21 10:10:24,2017-03-06 14:18:55,2017-03-23 00:00:00
d29833e31d88e77ae815681619836ae6,be14f9b446135f0def08472c7be6c2c9,delivered,2017-12-04 18:28:06,2017-12-06 02:39:38,2017-12-08 02:43:10,2017-12-21 21:55:51,2017-12-28 00:00:00
1a611328643ae11146ba09a4425d2e12,2cde5a202365766c4eeabc925e58225f,delivered,2018-05-02 22:36:14,2018-05-03 00:30:38,2018-05-04 15:46:00,2018-05-11 17:56:48,2018-05-30 00:00:00
bb22b1f374b71ea416e466ba7ff99cea,93df0957b940e713f6615f72c9d0e76f,delivered,2017-10-25 11:06:35,2017-10-25 11:26:19,2017-10-26 20:59:01,2017-11-01 21:06:56,2017-11-21 00:00:00
221d6c2816440c5e3102f2a6e78a90b5,907847e3370637548e83352f8fca7d7b,delivered,2017-11-03 12:49:57,2017-11-03 13:46:30,2017-11-07 18:36:52,2017-11-16 16:07:14,2017-11-28 00:00:00
9e24613b913b312f009ec05b56b339d4,e41024577c0be0553a143f9189d61862,delivered,2017-05-05 16:19:56,2017-05-05 16:30:20,2017-05-09 15:17:18,2017-05-11 15:04:05,2017-05-30 00:00:00
8d82989b46a15271fe364e6492758722,43ea8f218eab9dfb67ad0142ddb4ae7b,delivered,2017-10-18 01:12:36,2017-10-18 01:46:05,2017-10-18 19:48:29,2017-11-01 17:07:38,2017-11-06 00:00:00
39897c1c37144a25b897e4d5c98fed20,c6dcc1dce60566f15d0ce235d92afeb6,delivered,2017-07-28 06:22:12,2017-07-29 02:23:19,2017-07-31 18:05:48,2017-08-08 21:43:37,2017-08-17 00:00:00
0b3d6a94ff1d643af663f55ca8418520,9abc3d571a784146d4f60c6a45ca1cee,delivered,2017-12-14 08:27:10,2017-12-14 08:35:29,2017-12-15 20:16:48,2018-01-05 16:09:20,2018-01-12 00:00:00
3030f0e22d19c6ba1366d9628972bec4,8439fedb60fd10b549bb5a7e09079bdc,delivered,2017-10-25 01:33:37,2017-10-26 10:34:14,2017-10-27 21:36:46,2017-11-07 21:56:52,2017-11-21 00:00:00
12fb2d2b590f7359e3b473456bd1ca87,b9e7d8b529d10203729359b4660021ec,delivered,2018-07-04 08:11:03,2018-07-05 16:21:01,2018-07-10 14:33:00,2018-07-12 18:31:14,2018-07-19 00:00:00
83ea47ad24b5fce57aa5ade0fd069c94,6e8a9c87724e18b7e567193cdd3e4b45,delivered,2017-09-26 01:25:02,2017-09-27 12:49:12,2017-09-29 17:04:21,2017-10-13 18:32:35,2017-11-30 00:00:00
bac0803bc0669a1e85a35ce2acec9348,1d6c578a3eaaf071ef9f76b887e82b29,delivered,2017-07-05 14:04:24,2017-07-05 17:40:09,2017-07-07 13:46:59,2017-07-22 01:42:03,2017-07-27 00:00:00
0b4aab4ef70208498663141571f68116,e46010c28f8c49202bcf2a0b0347189d,shipped,2018-03-08 11:17:00,2018-03-08 11:25:30,2018-03-13 15:04:38,,2018-04-16 00:00:00
53de6ea93af62b738a4db248255fd504,c2e3e1fe1f1aed8b4166ef1f6fcc5115,delivered,2018-08-12 22:30:37,2018-08-12 22:45:11,2018-08-13 12:18:00,2018-08-14 19:09:24,2018-08-17 00:00:00
bfda845524638cc2eb3e891b4f2ff603,d87b280bf2fbaf934442f9e05dfbfc94,delivered,2018-08-19 21:20:54,2018-08-20 13:15:34,2018-08-21 13:39:00,2018-08-28 23:54:40,2018-09-13 00:00:00
d2dc9089cd9e68c5a5d69d6884550ac9,1ad80e57d0ca61401ddd3150b16a5beb,delivered,2018-06-27 11:45:21,2018-06-28 04:35:17,2018-06-28 14:19:00,2018-07-02 16:30:48,2018-07-18 00:00:00
6cd1a4eb4b9a14b5a991a897f096d443,a68d9bfdc7bad336fab0e1643f01a6d1,delivered,2017-06-04 18:21:10,2017-06-04 18:30:49,2017-06-05 15:10:11,2017-06-06 10:57:32,2017-06-26 00:00:00
1f91f6048baab1f573d3657d38e16137,5119c6d7557563be3a40507a5a90d1f0,delivered,2017-05-17 16:18:57,2017-05-17 16:25:15,2017-05-18 07:16:04,2017-05-25 09:11:46,2017-06-06 00:00:00
78ccc8b2b91842cf16b56d474d8c8480,c15b48f4ecdff9e9e4096a33d656341f,delivered,2018-02-27 09:11:07,2018-02-27 09:29:35,2018-02-27 22:58:52,2018-03-12 20:51:14,2018-03-22 00:00:00
61fb2aed86c91b61373a6d410b30a860,e540d2a7d8f2f8c1bab4b66234baf0be,delivered,2018-05-03 20:26:55,2018-05-04 15:10:22,2018-05-07 16:16:00,2018-05-16 17:56:51,2018-05-30 00:00:00
3cfca66bbbea0964771309c7e33f849d,9f6ea62fddf2ac05fb82db13aecc13fe,delivered,2017-02-26 14:56:42,2017-02-26 15:05:18,2017-03-01 10:38:30,2017-03-09 16:28:10,2017-04-03 00:00:00
a7d88dd59dbc3b0239f9284e1d72ff84,1f04655ec759bb5e1eaa3abd2ddae1a2,delivered,2018-03-10 21:53:11,2018-03-10 23:08:01,2018-03-13 23:12:34,2018-04-10 23:11:32,2018-04-04 00:00:00
3917a4e61779a9c43bb9a923ff6ec663,ea18d3d21da9d1dbe288ce635ea5237b,delivered,2017-02-12 22:20:18,2017-02-12 22:30:16,2017-02-17 11:09:38,2017-02-21 15:43:44,2017-03-21 00:00:00
ec451fb3a1ee5782fef4937473a9ffac,7904f82db05d978b48c96a1f2576eb8b,delivered,2017-11-03 11:36:16,2017-11-03 11:50:59,2017-11-09 20:46:47,2017-11-10 18:07:48,2017-11-16 00:00:00
5729676c9570f1edb39c7a1f01e4e0e6,2d42097081e700cc51db9476e4f077b8,delivered,2017-04-15 17:37:04,2017-04-15 17:55:18,2017-04-19 14:10:01,2017-04-26 12:58:15,2017-05-08 00:00:00
7d7a6cf235917cb4b46fdce40d607758,5cc7fa8a319ba6b10b41096f5f45a6e3,delivered,2018-05-08 09:32:36,2018-05-08 09:50:55,2018-05-09 14:06:00,2018-05-18 21:12:58,2018-06-07 00:00:00
03343a88c4d669e6378c5aedc4147919,d6851a9cf4328debeddd2f63212ff9e2,delivered,2018-01-16 12:06:29,2018-01-16 12:16:58,2018-01-16 22:37:59,2018-01-31 21:46:39,2018-01-31 00:00:00
983ce15c5ab539ffcf3ac3b386133a35,c093e1c8a74e5ed4ce0adce7cf77da4d,delivered,2018-05-08 17:48:50,2018-05-08 18:14:26,2018-05-09 14:22:00,2018-05-17 00:29:38,2018-05-29 00:00:00
596428e20f127315255e853fb6f851fe,4509553aaf1841a7fc2de7bc3cbaba73,delivered,2017-10-01 13:05:13,2017-10-03 03:49:27,2017-10-04 08:36:03,2017-10-13 19:53:33,2017-10-31 00:00:00
89516fb171dee556ef586436687315ff,3288ae263b202f45dc5d0468cc81a348,delivered,2018-06-12 10:00:27,2018-06-12 10:21:21,2018-06-12 13:30:00,2018-06-15 18:46:46,2018-06-29 00:00:00
46bd2b5fe2b3d02d198552cf137c0bb5,7ebb11f7532296b859de28f65bb7970e,delivered,2018-03-27 22:07:19,2018-03-27 22:15:12,2018-04-02 14:34:27,2018-04-06 18:43:29,2018-04-13 00:00:00
938cf33aaa64536379e72993eab4cef2,c02804339297de6f018d91e5e928dae3,delivered,2018-08-11 12:22:13,2018-08-14 04:10:21,2018-08-14 10:22:00,2018-08-20 21:34:34,2018-09-13 00:00:00
68e33327507074efed3dedd5d5c5d2bb,7229a83df3a86ede0f260e81e41cfe8f,delivered,2017-11-28 23:47:46,2017-11-29 00:15:57,2017-12-04 23:32:50,2017-12-13 19:19:00,2017-12-29 00:00:00
25897fea02375384a97507a86d846923,c5b0e8747809dbd77c33e961212674f4,delivered,2017-04-10 17:55:57,2017-04-10 18:10:10,2017-04-11 14:53:06,2017-04-20 13:46:55,2017-05-04 00:00:00
62c6faba9a84c2ac9babd4395fa2345c,c66395e32fb06d62ba3a31cd46456c2a,delivered,2018-01-21 09:11:53,2018-01-23 03:37:25,2018-01-23 18:51:36,2018-02-07 23:34:00,2018-03-02 00:00:00
0d80d0e27b1dc1e7eab3528b17464069,1c0b212adf187d17ce8b977f1283eea9,delivered,2018-08-21 19:44:49,2018-08-21 19:55:14,2018-08-27 15:27:00,2018-08-28 22:21:50,2018-08-30 00:00:00
c5ee827414d58af8ca34c4911be51911,f951ffae43ed0a3c09dcfb910e4c120b,delivered,2018-02-03 15:13:51,2018-02-03 15:30:20,2018-02-06 20:25:39,2018-02-14 15:56:46,2018-03-01 00:00:00
9eb4c52cf0399fb41b3e537d6acf99e0,ef1daa31903ff74a9c78b083b006b249,delivered,2017-12-11 15:35:31,2017-12-11 15:49:02,2017-12-14 17:48:55,2017-12-17 15:22:31,2017-12-28 00:00:00
044b08f176981f660b98a85c559ad57d,de50f74e6eaf84cfbf83ee0c30ff3575,delivered,2018-07-18 18:43:04,2018-07-18 18:55:20,2018-07-19 11:50:00,2018-07-24 21:18:37,2018-08-01 00:00:00
0d3e9a1db3f3e32d92a74cf84605172d,242286573731605587d92d0fd8162a09,delivered,2017-02-22 14:52:58,2017-02-24 02:50:27,2017-02-24 10:51:02,2017-03-07 14:38:11,2017-03-31 00:00:00
09b866628e60ce05f3e25fcfde9722c4,7d4ebb5d17f45bb406048c8566bdc18b,delivered,2017-07-31 15:18:44,2017-08-02 02:55:40,2017-08-02 21:03:51,2017-08-09 14:55:38,2017-08-22 00:00:00
1139dcd182662d970264159024ad6384,bcbed60388f730775d8f88b0cba304e2,delivered,2017-05-24 14:55:40,2017-05-24 15:05:17,2017-05-24 15:27:08,2017-06-12 16:22:27,2017-06-29 00:00:00
4579bbd75504c2cc0e1a60a69196598a,331e03764ace557102ea57186b4079eb,invoiced,2017-11-16 15:14:07,2017-11-16 15:30:25,,,2017-11-29 00:00:00
ccf0360c8b7c2fbfd429c07b9d55b316,15767fe37ba4bd84e258440467cf084e,delivered,2017-09-11 01:56:47,2017-09-11 03:00:22,2017-09-12 20:19:53,2017-09-18 20:39:52,2017-10-09 00:00:00
dda49ab2822cbc8fa455bd3f699b39c3,d30f32b756dbc49536884f962233a2ba,delivered,2017-09-23 15:28:09,2017-09-23 15:44:34,2017-09-25 16:43:10,2017-10-04 20:38:16,2017-10-24 00:00:00
7d69596773fda163751de780f18ad9f3,54e147bce661da8b3f594449d801c871,delivered,2018-03-16 14:39:56,2018-03-16 14:55:24,2018-03-22 11:06:47,2018-03-28 22:26:39,2018-04-12 00:00:00
8a096b1a1ab9573d96ff53df946afc68,dcc28aa0d26b98f8c3d4d1e338fb05ac,delivered,2018-06-12 13:40:38,2018-06-13 02:36:40,2018-06-14 15:08:00,2018-06-21 13:04:10,2018-07-18 00:00:00
dee33d9b548acb609e8b6eb6f540f4b3,d8bc1730256a5655842bcae573f2d8a2,delivered,2017-08-14 14:02:34,2017-08-14 14:24:12,2017-08-16 12:37:05,2017-08-25 17:41:16,2017-09-05 00:00:00
d815bd2c2bdd79e4c0e0263caa986d66,04d7d73089b39d83f81b829cbd98e43d,processing,2017-03-15 10:30:17,2017-03-15 10:30:17,,,2017-04-13 00:00:00
e8a7d3a84c7c313494dde4ab9d4d944f,b52f2910ff36fe94d5d1a2d96ac1ce43,delivered,2018-01-27 16:04:35,2018-01-27 16:13:16,2018-01-29 19:33:51,2018-02-06 22:13:25,2018-02-23 00:00:00
c239944e346dc1fde937d68eaaf858ac,06c6202200ef99b1568c228c9e373abc,delivered,2017-05-23 11:54:23,2017-05-23 13:05:16,2017-05-23 15:25:13,2017-06-05 15:15:36,2017-06-27 00:00:00
96f08e1a226e8be6f46542c2d6567377,d82cb629b7b1f624a52b434cf9dfaf69,delivered,2017-07-13 17:38:38,2017-07-13 17:50:20,2017-07-21 19:57:40,2017-07-27 19:57:43,2017-08-04 00:00:00
ba566f2aa895f419305a7688c55495e5,0f36f31f1f476b1e242d3f739cc63137,delivered,2018-04-14 20:18:00,2018-04-14 20:32:29,2018-04-16 18:15:38,2018-04-25 17:12:07,2018-05-14 00:00:00
f2a368e50c1c94d8f9545b80031f0e7a,af30cba70ea89e6a63b8db49eb9b7b1e,delivered,2018-07-17 19:25:36,2018-07-17 19:35:18,2018-07-18 14:12:00,2018-07-25 18:40:51,2018-08-07 00:00:00
0e40a411ec0cb464b5d17a84ff95cc25,bd3db989ccd5c565f4b708a39c0d14e2,delivered,2017-07-06 19:44:43,2017-07-06 19:55:18,2017-07-07 18:21:24,2017-07-19 16:33:47,2017-07-28 00:00:00
c5b438d2be9a4bbfd2b0611d477a24b3,ed91ad6be23d7d26f08f18a3b34db59a,delivered,2018-08-08 09:44:50,2018-08-09 03:45:17,2018-08-09 17:11:00,2018-08-22 21:35:31,2018-08-22 00:00:00
3ada46ab6e80f69472ec0d7a930fc64b,4776b16f87e0569a736e4d85d9bc1876,delivered,2018-01-10 19:26:36,2018-01-10 20:08:23,2018-01-11 19:07:36,2018-01-30 22:08:59,2018-02-09 00:00:00
2f63fa144638f7ade6cb643585538161,4fd530fb0a2670c2016db3210471fc7d,delivered,2018-07-23 09:53:53,2018-07-23 13:04:18,2018-07-23 16:20:00,2018-07-26 20:04:46,2018-08-14 00:00:00
fdf262b020267b9e928c136d05e4dca8,da9c83d94321bbd07861ab46ba121cfc,delivered,2017-10-25 16:54:12,2017-10-25 17:35:39,2017-10-26 14:17:32,2017-10-31 18:08:06,2017-11-17 00:00:00
550c5a737f2d08a5e934958da8fb29bb,e5c572f3eee5a867a24d9e70b1f45c05,delivered,2018-01-17 22:28:59,2018-01-17 22:50:09,2018-01-19 00:05:23,2018-01-26 22:59:05,2018-02-09 00:00:00
5e1a8017512badbdf543b509991dba6d,7214cb9a9251ade0ba75fda90e285b58,delivered,2017-11-01 12:59:09,2017-11-01 13:31:18,2017-11-04 00:22:08,2017-11-13 22:51:52,2017-11-27 00:00:00
e2b56835030c81195a5f1d65a17a2c1f,f2ee282dfaf98e24c28fa41c2a7f28d3,delivered,2017-01-28 14:18:45,2017-01-31 04:32:47,2017-01-31 13:54:37,2017-03-03 13:05:15,2017-03-22 00:00:00
867a96f5ffe70eb3e90140ff7c81cfc6,0fae07bb4b1670e3da7d768c54f59464,delivered,2017-10-26 08:39:55,2017-10-26 08:49:49,2017-10-26 20:42:32,2017-10-31 23:58:43,2017-11-28 00:00:00
d5b836c3e4d3591c11cfbc0d8a32948e,54dcf06632be05abeb6ed726b761c022,delivered,2018-01-20 16:09:59,2018-01-23 03:37:29,2018-01-23 20:44:55,2018-01-24 18:18:11,2018-02-06 00:00:00
e813b971361575cd2511e900b7003c34,7caf8d2cc7be433b0cb29b6e2db1853e,delivered,2017-09-01 00:03:50,2017-09-02 02:50:26,2017-09-04 15:44:49,2017-09-14 17:42:22,2017-09-28 00:00:00
5046ecbc1ce636485cc146ddd706a55b,1379bf3dfed62bdafce8d0bf4a6c2790,delivered,2018-03-07 17:55:17,2018-03-07 18:48:50,2018-03-08 23:08:29,2018-03-14 23:28:46,2018-03-23 00:00:00
8413ac0b09301d03b78adeca5840866f,b6ff5a99f18bc4da7753ab8659c829df,delivered,2017-05-09 21:45:55,2017-05-09 21:55:24,2017-05-16 11:26:47,2017-05-19 09:23:46,2017-05-29 00:00:00
d98a4e525a6240595557fbf149ff82da,05f34a3ba5449df9b9ab6bb247c7fe45,delivered,2018-02-17 11:16:53,2018-02-17 11:26:56,2018-02-19 23:49:15,2018-02-22 18:38:14,2018-03-06 00:00:00
bd4ce88d696959198a72416bd32be0ca,d7e3800d834c7a104b669979e90b12d6,delivered,2018-01-04 09:15:20,2018-01-04 09:28:38,2018-01-05 01:43:40,2018-01-15 20:12:01,2018-01-30 00:00:00
aee1ebae09f6d91ca6a459bf47b14072,07cc6026f1fba9869ce6efc681fd190d,delivered,2018-04-10 07:39:30,2018-04-11 09:11:51,2018-04-12 02:42:36,2018-04-17 16:58:28,2018-05-04 00:00:00
b04b1c55d37f9d6fe803eded0d11f936,326988df99f9234c5e2275cc63a7e584,delivered,2018-04-04 09:06:03,2018-04-04 09:15:24,2018-04-05 20:03:59,2018-04-09 18:04:02,2018-04-23 00:00:00
750a04aefe91727a7ab2b2d3f2beba3d,683ea4e05524b7d01d01a91b7bdb3ac0,delivered,2018-03-06 09:30:42,2018-03-06 10:09:27,2018-03-12 11:33:05,2018-03-21 14:38:43,2018-04-04 00:00:00
77ac5289e1fb34a1b4236cc77bf62866,4b2d305d5283dfc3fe60493756827c6e,delivered,2017-08-01 20:56:20,2017-08-01 22:00:16,2017-08-04 15:54:01,2017-08-10 18:56:49,2017-09-04 00:00:00
41f1032dbed29e923c83317e6468c291,176906afbb1fcb0ede5ea13b6fbf2cdb,delivered,2017-12-16 19:52:09,2017-12-16 20:13:12,2017-12-18 21:33:21,2017-12-21 21:45:01,2018-01-15 00:00:00
3d46adb746f95277b8567c00b7bbfc22,00efd0bb67f3af4d73269668a6cc8b49,delivered,2018-05-11 01:46:56,2018-05-11 02:18:11,2018-05-11 13:22:00,2018-05-16 22:58:49,2018-05-21 00:00:00
69eb4e39c354fbaad34489675c55608a,38dfb762919427e7ebdb0acae542419e,delivered,2018-03-04 07:16:07,2018-03-04 07:30:24,2018-03-05 19:12:50,2018-03-09 18:34:48,2018-03-21 00:00:00
5404828155a6ed66ac6bb53e05525d39,85f811b6af8146949931a11913719763,delivered,2017-09-19 18:51:06,2017-09-19 19:04:16,2017-09-20 19:49:57,2017-09-25 20:36:51,2017-10-10 00:00:00
6e228f845ad0d104a3e3c343dbfd0c19,9f5d14a3c0a1ca30fb65b984c3123b69,delivered,2017-11-29 09:39:24,2017-11-29 09:49:26,2017-12-04 18:52:20,2017-12-18 18:49:19,2017-12-26 00:00:00
c8aea852a760205e92591d5053231e07,76fee7c59d7317435aef4230a46b23bd,delivered,2017-01-27 18:00:27,2017-01-29 08:32:02,2017-02-01 09:18:31,2017-02-09 06:04:49,2017-03-20 00:00:00
2b3c4e25e8edee43a664159df5afa3ea,557a197892a569cc513f0f016a7932d9,delivered,2018-07-29 18:51:50,2018-07-29 19:04:26,2018-07-30 12:24:00,2018-08-06 14:28:46,2018-08-14 00:00:00
f6e0b0a52fa22c15d6784e3cdda6e953,4a016ff232658b35fe0e4959e94cb0c9,delivered,2018-06-10 21:41:04,2018-06-10 21:51:55,2018-06-11 14:21:00,2018-06-20 18:12:29,2018-07-17 00:00:00
ae8e71cc131340d44221ce1ad4a31867,b21da898daa207545ab06e59254b57ed,delivered,2018-02-21 19:52:58,2018-02-21 20:09:31,2018-02-22 19:25:13,2018-03-11 17:26:43,2018-03-13 00:00:00
64b9bd1556119a5b054cf5baede3fad4,69fed80679956179027ec3b2df9620a1,delivered,2018-02-19 19:43:38,2018-02-21 06:20:25,2018-02-22 18:29:54,2018-02-28 18:28:54,2018-03-13 00:00:00
cc2999bc678cab0949b90c4759d7a284,dfa8a1b565b79938d84942f83d88a2f7,delivered,2017-07-05 07:54:13,2017-07-05 17:36:24,2017-07-07 17:41:51,2017-07-18 16:52:30,2017-08-02 00:00:00
dd65743cd08075c5e3ee4f7e717eea88,b08ebb17618be48b7695500b639e1a50,delivered,2017-02-24 13:59:21,2017-02-24 14:10:16,2017-03-01 11:22:47,2017-03-09 09:14:56,2017-03-21 00:00:00
d698f250537eaef39df378be5aae95f0,2947a753b45ea10edd8861584073e202,delivered,2018-03-24 17:23:22,2018-03-24 17:47:16,2018-03-27 16:46:54,2018-04-14 22:04:08,2018-04-12 00:00:00
0d7839b143597f84b086c444ef9ebbe4,6ad62864f75d24638cab4e7bcdd9972a,delivered,2018-06-13 19:47:40,2018-06-15 02:17:31,2018-06-15 11:03:00,2018-06-20 18:48:35,2018-07-04 00:00:00
ed8ae7b87eac2abe38acc8471343053f,76005500a2dfa3f5d910c22cbe99f8f1,delivered,2018-04-17 21:40:37,2018-04-17 21:55:18,2018-04-18 17:28:38,2018-04-20 18:32:30,2018-05-02 00:00:00
9e1c9e249d55ea95fe0f9510c2e47862,abd05c068df0dba58309cd1f3f85d652,delivered,2017-09-13 02:25:19,2017-09-14 03:06:08,2017-09-15 21:15:41,2017-09-25 21:57:53,2017-10-17 00:00:00
b6d9338eee161115391cb4c93bb1a0fc,ef6ca09e06b51bda93c1018d193441a4,delivered,2017-07-15 19:19:47,2017-07-16 06:45:25,2017-07-20 20:21:50,2017-07-31 20:12:20,2017-08-17 00:00:00
274a7f7e4f1c17b7434a830e9b8759b1,670af30ca5b8c20878fecdafa5ee01b9,shipped,2018-06-23 13:25:15,2018-06-23 13:40:11,2018-07-04 13:51:00,,2018-07-24 00:00:00
855f884557e71149b525fa5fd8bf8a30,87a4ee899da050ef80de6de979521e12,delivered,2017-07-03 20:05:19,2017-07-03 20:23:45,2017-07-04 14:45:27,2017-07-08 15:51:38,2017-07-25 00:00:00
20a8a330c884b1e98b50397b518efc35,f38f9a47f86946a481bee72088dc2b92,delivered,2018-01-18 20:34:47,2018-01-18 21:32:32,2018-01-19 19:26:33,2018-01-26 21:23:03,2018-02-08 00:00:00
5f862e4fe640e66110b40cced6911038,65a6a03c07caddea4ed54b719663fce1,delivered,2018-08-06 10:21:02,2018-08-06 10:35:50,2018-08-10 12:07:00,2018-08-12 16:16:31,2018-08-09 00:00:00
642ce735c8fbbe62455426928980a698,94766b73d520c1f6d97d480c9bd7900c,delivered,2017-11-26 21:29:15,2017-11-26 21:37:35,2017-11-27 19:12:53,2017-12-17 20:13:12,2017-12-26 00:00:00
7d3c4b4fac234f9e6d4f11b87cbbfeaf,7b8965a4cad877c5c7e3a07f7ded23d0,delivered,2018-06-18 21:45:06,2018-06-18 21:58:21,2018-06-22 12:53:00,2018-07-04 23:21:44,2018-07-13 00:00:00
5564c14d026bf6c92241f070bb98fb5b,55b1096689f3b208424ce621e1de6607,delivered,2017-07-16 02:12:36,2017-07-16 02:25:07,2017-07-18 21:27:52,2017-07-31 23:59:49,2017-08-08 00:00:00
85b743affe05265f325748dc00ca7e12,cfb31cf06d63891740828cff66ceb63d,delivered,2018-05-06 18:58:55,2018-05-07 16:52:30,2018-05-08 13:17:00,2018-05-09 19:52:09,2018-05-23 00:00:00
39036e9122762c9b45c239ddbc452651,c008f3bac9e5d451c760f32c168394a1,delivered,2017-10-25 18:30:49,2017-10-27 02:55:31,2017-11-01 21:12:19,2017-11-14 12:59:31,2017-11-22 00:00:00
dc39e9b4bbe970588456c5547324593e,8289e9044e68003dfe33936c3c2c2799,delivered,2018-04-29 13:36:40,2018-04-29 13:51:06,2018-05-07 12:31:00,2018-05-11 14:08:49,2018-06-12 00:00:00
4e4d9ab79db69a4bd0d79833bfce91f3,c5ec9e7825f8ec234b331113945cb5ef,delivered,2017-12-22 09:36:53,2017-12-23 02:13:30,2017-12-27 17:47:36,2018-01-11 19:20:49,2018-01-23 00:00:00
2656fd6fdbfe33c6421cb390eef1a73b,683c56d8fb22ac87888587310311cf2c,delivered,2017-09-02 22:27:06,2017-09-02 22:35:22,2017-09-04 21:29:53,2017-09-11 20:41:34,2017-09-25 00:00:00
8d9c47d02bd99ae8d7dd151ededa9281,e3c7e245a96d7fa339fe6c16f8da4e90,delivered,2017-10-15 17:12:19,2017-10-15 17:56:24,2017-10-17 21:05:06,2017-10-23 22:04:54,2017-11-01 00:00:00
896a98eb2680bdc1b1f621e02c6b9d08,e7e06aee55b48397aff8236ae9241175,delivered,2018-01-22 23:35:34,2018-01-24 10:16:27,2018-01-25 23:58:27,2018-02-08 18:04:01,2018-02-26 00:00:00
7087ff1aae165d854e41219173c9b930,13ad006b54888db0dec9231f3af88082,delivered,2018-02-15 19:53:16,2018-02-15 20:06:32,2018-02-16 20:25:03,2018-02-27 17:23:37,2018-03-08 00:00:00
1d432ff6ecb6a501752815ce48038a89,5036f826fada2fdba151a9112545e883,delivered,2017-06-14 15:47:06,2017-06-14 16:05:12,2017-06-28 10:15:56,2017-07-07 11:41:57,2017-07-27 00:00:00
9fa20203d1957233d3ed303707a1b597,2e2f126cf82a864a13a0893bc6f0595e,delivered,2017-03-01 14:31:03,2017-03-02 04:03:39,2017-03-02 09:24:40,2017-03-10 10:16:02,2017-04-05 00:00:00
76ae7f8d0104f4808d4a93f4b81661d7,279b18bebb145265c6490f1de02cd947,delivered,2018-02-03 12:34:20,2018-02-03 13:20:32,2018-02-05 16:42:17,2018-02-15 00:26:45,2018-03-01 00:00:00
34d9ffa2e1d65d04ef6c8d4265180939,9cb517263961233b2a975d1381d03d54,delivered,2018-07-13 16:12:08,2018-07-13 16:31:31,2018-07-16 12:16:00,2018-07-25 15:48:29,2018-08-07 00:00:00
dcd9b00fff62919c208f9e424f8b2c13,7a999a63fd38a91b7c1061ef82ec71f0,delivered,2018-01-18 12:33:34,2018-01-18 12:56:27,2018-01-23 01:03:54,2018-01-29 17:52:09,2018-02-09 00:00:00
79177aaac7c3c0dd8e8a84db027512a4,8cd118ecfb9703463ef9670b1d18a26e,delivered,2017-10-17 11:12:57,2017-10-19 03:15:05,2017-10-19 16:10:37,2017-10-23 17:05:25,2017-11-06 00:00:00
538cce8b584cc6b13e623e781c51b181,92bed6da42dd27bb0dc2fe3a7ab8a18a,delivered,2018-05-25 08:22:11,2018-05-25 08:36:54,2018-05-30 13:34:00,2018-06-06 19:36:42,2018-08-16 00:00:00
1cf0fc2c07de89a211f8dcf9ff5af15b,97a0e2c05d5882609289a1816e234ba0,delivered,2018-08-07 21:53:39,2018-08-07 22:05:23,2018-08-17 14:09:00,2018-08-18 18:21:11,2018-08-15 00:00:00
c2859f3c830b3fab51d945c1c0ef45fc,daee9ceb68799b045600899b74629ee4,delivered,2018-08-22 10:54:37,2018-08-22 11:05:23,2018-08-23 07:16:00,2018-08-28 20:53:31,2018-09-03 00:00:00
61e268eee1d131498001b6121895c5ee,150cc81c97ac79c4d951f57f8fb6b5d8,delivered,2017-12-19 00:52:26,2017-12-19 02:50:42,2017-12-19 17:41:58,2018-01-05 19:34:22,2018-01-19 00:00:00
26a6cb1654ddb8cd23a0b67cf5dad223,e16d90c4a9c27e82cf3fe238ec3ea836,delivered,2017-12-13 17:16:26,2017-12-13 17:31:26,2017-12-21 16:09:21,2018-01-04 14:38:52,2018-01-05 00:00:00
73596e67516934a7fe64cc6ca6d75545,347383eb85480a99e9df0bba4b129093,delivered,2018-06-14 20:09:31,2018-06-14 20:40:33,2018-06-15 08:02:00,2018-06-23 10:03:45,2018-07-13 00:00:00
20c50b79ccf3492546de6ef891c03ebd,f9571e20983191e5d5d13f9103581c11,delivered,2018-07-12 10:59:14,2018-07-12 12:06:02,2018-07-18 13:36:00,2018-07-26 23:52:34,2018-08-03 00:00:00
1460b7b8fd63551dc68bfdffdc31edec,d2dc6bcab2d5200c7df05b609db1b1d8,delivered,2017-01-23 07:23:50,2017-01-23 07:35:11,2017-01-24 08:37:50,2017-02-02 09:17:45,2017-03-06 00:00:00
bfe45a2590b88a391d11454e70a7d984,daf9c315a3cccc94ac74f780fafcdeb7,delivered,2017-11-24 15:44:35,2017-11-24 19:18:21,2017-11-28 20:47:55,2017-12-07 15:57:49,2017-12-18 00:00:00
64c9964d22277d994f527777add3c406,305e7efe0d3e93e9d201ecc4f5ba044b,delivered,2017-06-13 10:54:37,2017-06-14 02:30:18,2017-06-14 18:54:35,2017-06-19 18:06:34,2017-06-27 00:00:00
6dcb51857ca646a4809ea67184d43e46,c9f0c8d194842d8945de4d01fa98fb15,delivered,2018-04-06 23:27:24,2018-04-10 03:50:01,2018-04-10 22:53:27,2018-04-11 15:04:13,2018-04-24 00:00:00
72c215040979a13fe5e07708ae8b326c,7aa14025568b31b93e538fcb0a6931b0,delivered,2018-03-10 15:23:53,2018-03-10 15:35:31,2018-03-12 20:46:30,2018-03-20 13:54:50,2018-04-16 00:00:00
445b8011d509adb520744d60fed763d1,fe890e9b4328e3ccf632960b3f2b51bf,delivered,2017-12-04 17:58:27,2017-12-04 19:30:58,2017-12-06 22:14:40,2018-01-04 02:32:56,2017-12-27 00:00:00
7827425b5eac9f9df63f65d9bb7f6a25,f8ece9a141740ea9b168b8065755d734,delivered,2017-11-16 18:03:02,2017-11-16 18:15:46,2017-11-21 16:22:18,2017-11-30 16:57:02,2017-12-14 00:00:00
29c3b79aace1b72a82b1232bf494e16f,9225e82d7b09bfc606f1849de9300050,delivered,2017-12-16 10:04:35,2017-12-16 10:15:25,2018-01-15 17:51:55,2018-04-28 15:51:50,2018-01-24 00:00:00
d6c0642f2b29bbf0b2dba5bcee57c3b3,dd723c931e059fd21ee30dd8b1cf9870,delivered,2018-03-17 16:03:49,2018-03-17 16:15:33,2018-03-21 17:18:42,2018-04-02 18:23:26,2018-04-05 00:00:00
b6dfaa6e9eb8b7356276c90969376f51,28f35c0280cb2d277371b827981cd8c4,delivered,2018-05-18 13:29:09,2018-05-18 13:54:54,2018-05-19 09:02:00,2018-06-01 13:54:26,2018-06-05 00:00:00
d8ded99e3d8a9de0aba5037f97743cff,8b318ddc93f0076d90f07847ddf47567,delivered,2018-05-25 20:35:47,2018-05-25 20:57:50,2018-05-28 15:55:00,2018-06-07 18:22:49,2018-07-05 00:00:00
5a30bac46bd67c48565822b5789c0954,8009876c0e2c6b5b61c9e9dc5e1a7f40,delivered,2018-08-04 19:41:25,2018-08-04 19:50:13,2018-08-06 14:34:00,2018-08-08 18:14:29,2018-08-09 00:00:00
6681163e3dab91c549952b2845b20281,2f29573c8cac5a7be11c5b649078f944,delivered,2017-07-18 09:23:10,2017-07-18 09:30:22,2017-07-21 16:13:08,2017-08-03 18:42:49,2017-08-15 00:00:00
81edaf58687cb71cecc077db78dd57ec,150af294754bba42dcb29e19b7e09c19,delivered,2018-06-16 22:50:20,2018-06-17 22:58:54,2018-06-18 14:10:00,2018-06-25 20:58:40,2018-07-17 00:00:00
f47250cb6ba54d6506935dc2e409b914,6fa4f15ed7bd6ed54b86f2124a8634e7,delivered,2018-07-03 13:52:30,2018-07-05 16:34:53,2018-07-04 15:01:00,2018-07-12 12:58:45,2018-08-02 00:00:00
7da4f8ec54a78572fcce6797f62cf1cd,a5b544d912be67044581a3890e6698d5,invoiced,2018-07-24 14:28:36,2018-07-24 14:44:39,,,2018-08-03 00:00:00
6a83363bccad866b7d3c202dea555374,ee8ee27bccc792f9be6a47c298ef0cd2,delivered,2018-04-27 16:26:08,2018-04-28 02:51:34,2018-04-30 16:14:00,2018-05-04 14:37:45,2018-05-22 00:00:00
1f1d34c2ba3f3ae5f852175df49f079c,3e72dabf2c10a14d047233a3823ddce1,delivered,2018-06-03 16:35:41,2018-06-03 16:50:36,2018-06-04 14:19:00,2018-06-06 23:02:52,2018-06-28 00:00:00
89c79b8e224ee3fb7c73bb47b6074891,9a3cefd7682653a40d7301eed503fa8c,delivered,2017-12-18 20:42:39,2017-12-20 06:57:45,2017-12-21 16:07:58,2018-01-15 18:21:47,2018-01-19 00:00:00
bca88b3b35d1223abd0d2a29ddc7166e,eb914f782da6a9bb3aeeabfd71c3966b,delivered,2017-12-28 20:05:33,2017-12-29 16:13:29,2018-01-04 21:52:13,2018-01-05 22:35:34,2018-01-17 00:00:00
2d87440273b7a55a36ee359f29027f83,cacb81c4dc25b485bb02073b02d40313,delivered,2017-11-28 16:48:52,2017-11-28 17:14:55,2017-11-29 22:42:11,2017-11-30 19:55:09,2017-12-12 00:00:00
262b62b8ed582cfe9cc79c93627adb8f,a04e3a209e3d2093c17df390116bd3aa,delivered,2018-02-27 15:57:25,2018-02-27 16:15:32,2018-03-02 22:47:02,2018-03-15 19:03:36,2018-03-20 00:00:00
cf08f889cfc7f4e20d52cf7c6828eeee,7713e861b6b25bb555804711dc1a57e8,delivered,2018-07-14 10:04:12,2018-07-14 10:24:15,2018-07-24 16:07:00,2018-07-30 13:51:38,2018-08-09 00:00:00
6bc41d476dba28c3fc6929b6dba6cd4e,37576502af0e69a5b212adbc17c102ab,delivered,2018-02-02 16:52:25,2018-02-03 02:52:41,2018-02-03 16:27:41,2018-02-07 21:33:52,2018-03-23 00:00:00
c99da7a5a4c3328c4d6494f061c4c3d2,9cb4c350f711bffc912233f1ee5c8767,delivered,2018-01-09 13:29:47,2018-01-09 13:49:09,2018-01-11 18:45:42,2018-01-29 21:46:01,2018-02-14 00:00:00
c1cd6f04d98968e420c3fd0e69c5612d,2aa1e475f2f967d335c870bdffa88d7e,delivered,2018-06-12 23:52:24,2018-06-13 01:31:56,2018-06-13 13:25:00,2018-06-14 17:50:32,2018-06-25 00:00:00
6c7e8d67d9bf60c5baf05bb0193b4908,5c124fabda6174c6a2f7ad04a5080981,delivered,2018-08-13 12:02:35,2018-08-15 03:30:33,2018-08-15 15:00:00,2018-08-18 14:38:44,2018-08-23 00:00:00
441cc7b0d0e6268a3d544d7ac4f1fae9,e924862048255b8fa261c9242f19d697,delivered,2018-06-12 19:40:00,2018-06-13 02:18:54,2018-06-13 13:51:00,2018-06-15 17:14:54,2018-07-04 00:00:00
cd11906a7f55196e1f9194034c7bf3e3,310b5113be1d68f9a292a95238bb4a5d,delivered,2017-04-29 12:46:17,2017-05-03 11:35:53,2017-05-04 12:50:02,2017-05-10 10:54:36,2017-05-23 00:00:00
a575e7dee2aa0e8876e2e8a1a3bdd644,fd5f007247569f77c57f685b8035241d,delivered,2017-11-15 22:05:18,2017-11-15 22:15:31,2017-11-16 19:26:55,2017-11-24 19:02:14,2017-12-06 00:00:00
f95884da9f9e2df5d430f7e289b3c07e,e55e22f4aa75f611b05d755b60f0505d,delivered,2017-12-09 03:08:32,2017-12-09 03:18:24,2017-12-14 14:53:02,2017-12-15 21:44:51,2017-12-29 00:00:00
fe99f8be754e8a75c4201c7156bd99ee,829bef4f2034240ba8baa923960704f5,delivered,2017-06-02 14:32:06,2017-06-02 14:43:00,2017-06-02 15:17:29,2017-06-09 17:22:45,2017-07-07 00:00:00
374287ecf047f9180fdb554bc4ae1c1d,f253023c8f1e0fa8abc68b0180cf96a8,delivered,2018-02-23 17:19:34,2018-02-23 17:30:58,2018-03-01 00:33:43,2018-04-03 13:04:18,2018-03-28 00:00:00
cdbe57b33f10dd54db2421744ab4a045,935448b17a181ad9f8eb610ec42a8962,delivered,2017-07-29 01:22:09,2017-07-29 01:30:13,2017-08-02 16:09:49,2017-09-09 01:38:29,2017-08-30 00:00:00
69667b3cf01cc08504df14966a6b587a,cb259b37d86274f7e0456078a08a936f,delivered,2018-05-10 00:37:50,2018-05-10 00:57:09,2018-05-11 08:43:00,2018-05-17 01:19:35,2018-06-01 00:00:00
80c4a8fcf4e47aff10048cb8bdd0bee5,9fc1053dea33f83500092870a9db0900,delivered,2017-04-07 18:23:21,2017-04-07 18:35:15,2017-04-19 14:54:11,2017-05-11 15:00:22,2017-05-08 00:00:00
d8b7feebc9066935b2a7f7002abb4e43,e15ac927f77cc9a475ffa2d8b59920d8,delivered,2017-03-28 09:03:18,2017-03-29 02:10:46,2017-03-31 12:51:50,2017-04-04 09:57:53,2017-04-17 00:00:00
31339e08b23bc094968740000fba12f0,e3cce53d395f9c39230a95b77cee5595,delivered,2017-04-03 22:57:24,2017-04-03 23:05:09,2017-04-05 13:53:09,2017-04-11 04:48:03,2017-05-02 00:00:00
0ec09142bbb9fcd661d1d168e66371c4,adaaa45dbbe7db528b046b5d85a75724,delivered,2018-04-01 14:54:46,2018-04-01 15:35:13,2018-04-02 19:48:37,2018-04-11 16:08:44,2018-04-18 00:00:00
443038d9ed6b74bc4f7bfa679ce81bf1,f9efa1e08ec36a3bd42cdeb68995af0b,delivered,2018-02-24 21:26:42,2018-02-24 22:00:22,2018-03-05 20:33:19,2018-05-07 22:31:53,2018-04-05 00:00:00
384305b9cfec8a62f309b5e5cac920bc,566f3ca7161fa95dae551c144c67443a,delivered,2018-08-10 11:26:39,2018-08-11 02:44:28,2018-08-13 14:34:00,2018-08-16 20:18:48,2018-08-28 00:00:00
a65f65e30792ce1c3492008e544cd0da,4274d726e175b67d5a1893ea0fa4e1a9,delivered,2018-04-10 23:03:58,2018-04-10 23:15:21,2018-04-11 17:32:04,2018-04-24 22:36:51,2018-05-11 00:00:00
32fb0d2fce3a6ea27205e44ec665e91d,bede1cbee8f403af59778ab6cbac2a21,delivered,2018-08-13 06:49:00,2018-08-13 07:04:20,2018-08-13 08:28:00,2018-08-17 21:03:29,2018-08-30 00:00:00
6a09c972c5374c18c043270ddf09b641,e5a425ad8699dd021f97ac837591cd70,delivered,2018-08-14 17:47:58,2018-08-14 18:44:07,2018-08-15 15:00:00,2018-08-16 15:21:27,2018-08-22 00:00:00
85ca51954c545536cf77a680afe11969,8b5444d8ffafc506f189fcfdf31204fa,delivered,2017-05-31 11:15:03,2017-05-31 11:25:17,2017-05-31 14:17:25,2017-06-06 12:39:10,2017-06-26 00:00:00
fbbaa04b3e0910f8ae8711ff03a32fa7,76f9829923ebe9161af4f54f050885f0,delivered,2017-07-11 16:48:05,2017-07-12 02:15:20,2017-07-13 19:32:52,2017-07-14 14:57:57,2017-07-25 00:00:00
0ac6093ec7bb2a5eb1da4961999ee9d6,d3f497230c673e3eb4362335acdc799e,delivered,2018-02-03 16:22:19,2018-02-03 16:35:29,2018-02-06 00:15:40,2018-02-18 17:53:09,2018-03-07 00:00:00
438b46304b3217ea878c63aeb5b98f5d,21831634eda702776bee4cbd95446d82,delivered,2018-07-03 18:15:23,2018-07-05 16:40:34,2018-07-04 11:51:00,2018-07-10 18:27:47,2018-07-27 00:00:00
27dc874d0fc1a19c74ec77ca706be968,f70caac357fd937a7c229b019eec9110,delivered,2018-07-02 07:52:38,2018-07-02 08:10:11,2018-07-03 12:53:00,2018-07-04 22:03:25,2018-07-18 00:00:00
446634c9e8e8c3a70fef1507c82d5c68,9248f24013892b2690a39829f54159b9,delivered,2018-02-19 15:16:15,2018-02-19 16:40:28,2018-02-20 22:42:41,2018-03-27 00:58:35,2018-03-21 00:00:00
96f182413ae321e91ee91f3e422c6416,fe4a4b61b1485be6c8e635377ea8f0ec,delivered,2017-03-15 15:54:53,2017-03-15 15:54:53,2017-03-21 15:17:00,2017-03-28 13:48:15,2017-04-05 00:00:00
8c2fd1f7359cea19f4ec43436b8850be,0fd9ea9bd342abe74db14762466e1b48,delivered,2017-09-09 22:15:52,2017-09-09 22:30:20,2017-09-11 18:17:36,2017-09-22 22:26:41,2017-10-03 00:00:00
efe29224ab6af2a162c9cb35940daca5,a8cf5e4ad3d3c90e47518a21b0b600f9,delivered,2018-05-13 20:05:37,2018-05-13 20:32:27,2018-05-16 19:07:00,2018-06-06 22:18:34,2018-06-07 00:00:00
63003bf6e2058e236f3f9ebb2872b234,632048d959676b7f64ba2363ae4a0457,delivered,2017-10-23 11:41:04,2017-10-23 11:56:21,2017-10-24 17:38:41,2017-10-25 19:37:44,2017-11-03 00:00:00
2671e7f4ef9e76c9019650580aaeae95,6af371c39fedbcdd00ce27dd1d7b87df,delivered,2018-08-04 15:45:15,2018-08-04 15:55:13,2018-08-09 15:27:00,2018-08-16 11:26:58,2018-08-23 00:00:00
fe0b24305fde3889fdd0d23abaa7e52a,540fd94d138edcc2e81b4822c8d8f068,delivered,2017-04-09 05:33:03,2017-04-09 05:41:55,2017-04-13 10:03:59,2017-04-27 14:51:44,2017-05-22 00:00:00
6c12026576c43985a49fc784c5e62b6b,3d73d619dcffc982e62330b93f0531dd,delivered,2017-11-07 21:05:18,2017-11-09 05:31:37,2017-11-13 15:42:05,2017-11-14 18:27:46,2017-11-22 00:00:00
97d3870e43e40f4dcac70eec95a6b146,6b7021aa2622618c2a5fe9639f8282d2,delivered,2018-08-10 12:23:32,2018-08-10 12:35:24,2018-08-10 12:11:00,2018-08-23 22:48:34,2018-09-18 00:00:00
09bd279b1d189a59de559c5f558ca857,f5099455960fd677edc4badb55917954,delivered,2017-02-26 20:55:50,2017-03-02 04:15:23,2017-03-03 11:35:52,2017-03-08 09:13:57,2017-03-20 00:00:00
959505aeccc35d003ab580410022f433,4683cd55eddaafa12fe03e637c5bf9c6,delivered,2018-07-14 13:14:33,2018-07-16 08:26:55,2018-07-16 17:31:00,2018-07-20 16:34:10,2018-07-31 00:00:00
6affe3f16752393cba3cabe7d1731a2e,ee89679fe593f6d6ea420a3fac625110,delivered,2018-04-06 16:14:21,2018-04-06 16:29:10,2018-04-09 17:52:16,2018-04-30 22:27:48,2018-05-07 00:00:00
078f6a01964ee122ef20881df839af31,2b7ae7a532ff538ce88f6bfdd2cb564c,canceled,2018-08-06 11:06:21,2018-08-06 11:15:27,,,2018-08-16 00:00:00
ad56333a7f58e14fd80c621db8f6e89a,030770361597328c6dfeffc197915bcc,delivered,2018-03-02 13:03:01,2018-03-02 13:15:37,2018-03-05 22:38:41,2018-03-15 21:14:24,2018-04-10 00:00:00
338cd98c972c8d9b015759974ca7446c,58550909176303c05f37a9f3a3e913cd,delivered,2017-01-26 11:09:11,2017-01-27 11:50:23,2017-01-30 11:45:17,2017-02-02 14:58:07,2017-03-22 00:00:00
676e40056867189a1b3599f3e646f421,1f9d7eb9953ad379f11be30ae9dda416,canceled,2017-04-07 21:12:31,2017-04-07 21:25:08,,,2017-05-03 00:00:00
0c78080d6694709647442e7efb1d2a5e,027b997d6d188683680b85d8395c6a9a,delivered,2017-10-19 11:56:16,2017-10-19 12:56:47,2017-10-23 21:59:01,2017-10-27 19:43:45,2017-11-08 00:00:00
15b9bbc3bfc272e14a8da450ed7867c2,8242a1cee3edc3b94095009410aa4118,delivered,2018-05-15 14:07:20,2018-05-15 14:35:33,2018-05-24 12:24:00,2018-06-10 18:17:40,2018-06-08 00:00:00
ec43c57e035991962d29648ea5463096,b4fd952974f786b6a9877053a27c0bdf,delivered,2018-01-20 08:59:19,2018-01-20 09:16:44,2018-01-22 19:21:30,2018-01-27 12:28:47,2018-02-06 00:00:00
fd192fd37b66b1d22bfe7b82ace0a064,069f68677638153043f70401d8c08d2d,delivered,2018-05-13 17:08:19,2018-05-13 17:33:24,2018-05-14 14:04:00,2018-05-21 19:22:04,2018-06-06 00:00:00
4fcf0343be51fc2442adc4af890c8183,63a39a67c831b0394a3d19008b38aba4,delivered,2018-05-11 09:58:49,2018-05-11 10:17:39,2018-05-14 15:16:00,2018-05-19 16:22:02,2018-05-21 00:00:00
684efbf26d410566cf8506a4ab01bdab,62c11d5a0b49aaf81297d26b0bd9fb8f,delivered,2017-09-26 19:30:58,2017-09-26 19:49:13,2017-09-28 17:40:12,2017-10-06 15:12:41,2017-10-20 00:00:00
208e8b34ce83784e7f65185eab460000,e8db72eb5ddb5c47fc55af02a9395d94,delivered,2018-03-16 11:15:24,2018-03-16 11:30:46,2018-03-19 20:17:34,2018-04-05 20:38:25,2018-04-12 00:00:00
6cb2000475274ad7e94d1e64f840e907,f915ababf4710468c93ec2c9a3f64431,delivered,2018-06-19 16:45:50,2018-06-20 02:54:55,2018-06-20 14:17:00,2018-06-25 18:12:15,2018-07-13 00:00:00
b6403787453855be6332055dc2d6bde9,219bdcd9e62deb3224eb3a2963b89c0a,delivered,2017-12-13 15:22:11,2017-12-19 10:31:29,2017-12-20 21:22:07,2017-12-27 21:38:40,2018-01-15 00:00:00
6f54535f38d19e0833f980e4604081a3,c6227a9291e7e9a4fe69b48356d4b38d,delivered,2017-08-05 07:34:29,2017-08-05 07:45:12,2017-08-07 18:27:45,2017-08-18 16:53:53,2017-09-11 00:00:00
d1de4ee2cdca15e0ccf424096264d3c8,39e5fadcd944a8fdf11b3654e7413d0e,delivered,2018-02-08 07:47:11,2018-02-08 08:10:25,2018-02-08 23:09:40,2018-02-19 20:39:14,2018-03-07 00:00:00
ea3e7bb7fc6c485a1238f0c21e10ab0b,bb549de0741a314e90aef28db45719d2,delivered,2017-12-04 18:32:03,2017-12-04 19:14:17,2017-12-06 21:47:16,2017-12-21 23:54:27,2017-12-27 00:00:00
3970917d62089188ce154d4cf796babc,2c234c3a0b7d6c725d30c619f1c08b98,delivered,2017-11-28 10:45:08,2017-11-30 10:38:26,2017-12-01 17:47:56,2018-01-06 11:22:57,2017-12-20 00:00:00
1c939324bacd87c65d030c7974e38338,be18603bce09d123fbcb26af9ec069c5,delivered,2018-02-14 18:10:38,2018-02-14 18:20:48,2018-02-16 00:22:28,2018-02-19 16:45:07,2018-03-07 00:00:00
50229fec371aedaedb230fa801638cfc,2866e688a5dc459c904ea765cae01f75,delivered,2018-01-22 20:41:50,2018-01-22 20:58:09,2018-01-23 19:04:52,2018-02-05 21:33:08,2018-02-16 00:00:00
187a17302afec3ad360e610e19e455cc,4fa7e6404524c09c8580c0c8321e5d73,delivered,2018-07-17 11:11:38,2018-07-17 11:21:18,2018-07-18 15:14:00,2018-07-20 17:48:34,2018-07-26 00:00:00
44d4ae94f250aacf9d4a3d0e23d8a4d2,ed4bd9cbd2c8c350baeb7c093147553b,delivered,2018-02-25 19:51:11,2018-02-25 20:08:09,2018-02-27 19:28:38,2018-03-13 17:59:29,2018-03-21 00:00:00
7fc5a454137fbdccd41c504de3b62f71,82e6aa6beb66b16ea738bea138988d33,delivered,2018-06-26 18:03:54,2018-06-26 18:18:47,2018-06-28 09:14:00,2018-07-03 22:51:56,2018-07-20 00:00:00
1ec801f67c9ddedd7232db3f8045adef,5dcacec261f9a2d9b142342791ca9410,canceled,2017-05-31 08:57:32,2017-06-01 03:55:31,,,2017-06-13 00:00:00
45f3c6b73e741b9f127da84371a0cd90,c6d27a74743430e10b396edcb26d7e38,delivered,2017-10-02 09:55:36,2017-10-03 04:28:24,2017-10-06 18:39:11,2017-10-19 16:36:39,2017-10-26 00:00:00
1693d3b069866bbe03167ef59ecb639e,a688dfb397b2185b971dde35c385ec7a,delivered,2018-02-13 15:08:34,2018-02-13 15:27:25,2018-02-15 19:56:37,2018-02-26 22:38:50,2018-03-20 00:00:00
8a3d5a19acc2106e0567b04a904c8726,faa4dc1c729a9a87aee1a095825fb209,delivered,2017-08-05 17:41:52,2017-08-05 17:55:17,2017-08-07 20:33:01,2017-08-17 17:12:01,2017-09-06 00:00:00
60b276464a67309733a0662e758e9875,437bbefd8040aaa7dcde638396f63c1f,delivered,2017-02-14 16:07:08,2017-02-16 02:10:36,2017-02-16 15:39:17,2017-02-23 13:27:50,2017-03-15 00:00:00
5adb752a21287f421571ba1688dafa2a,9d4a655962c8a0878a1a58c3ecf7cd3c,delivered,2018-05-08 19:13:31,2018-05-08 20:32:01,2018-05-10 06:55:00,2018-05-14 11:38:56,2018-06-01 00:00:00
04c35d140fbc805e40f33f6902661c4f,f2dd9d0abca9dcb1e49685231aa0843f,delivered,2018-06-13 16:22:07,2018-06-13 16:40:12,2018-06-15 14:02:00,2018-06-21 18:19:28,2018-07-11 00:00:00
eb6b32a82d2459d0ce7f2089f9eba0f2,55a52a925384404b4e57b82938bf6062,delivered,2018-04-29 21:49:07,2018-05-01 03:15:51,2018-05-03 16:46:00,2018-05-07 18:16:35,2018-05-22 00:00:00
c06fb7e4960fb159000d2650602933af,472ad05cd41139d69fc14f2093afceea,delivered,2018-06-18 10:44:00,2018-06-18 12:18:41,2018-06-18 14:24:00,2018-07-06 19:41:31,2018-07-18 00:00:00
77acb3b32ab623aaf525b52006d0c142,9be907cf929fd53da43778102239bbaa,delivered,2018-01-23 16:29:22,2018-01-23 16:38:31,2018-01-30 18:11:32,2018-02-15 00:07:36,2018-03-01 00:00:00
aefefdda7b7a272ca35c44b82b643104,fd129ee6af6e2c7043f8029e814a7ad9,delivered,2017-10-01 00:15:12,2017-10-03 04:05:06,2017-10-04 10:18:15,2017-10-09 17:48:09,2017-11-01 00:00:00
37267e648017fb381fd8e43ac35fabb9,aa33af07fac4c5c49b0f8d493a932e0b,delivered,2018-03-08 09:30:32,2018-03-08 09:48:55,2018-03-09 04:02:32,2018-03-19 19:36:44,2018-03-26 00:00:00
dc2b293e65fec525f3c63286396e2b79,867a30b253f86ae579d823ef53ad5ace,delivered,2018-03-16 10:20:57,2018-03-20 03:28:48,2018-03-20 18:32:13,2018-03-22 21:41:41,2018-03-28 00:00:00
d2d302e80c71e324aa235aa223f6c220,1862d62241f706107f4d52c781e2f79f,delivered,2018-05-13 09:53:03,2018-05-13 10:13:00,2018-05-16 08:54:00,2018-05-18 22:46:45,2018-05-30 00:00:00
5abedb82bfd5944d04bd7e074f189dba,385826fa4890fd6d52d6db2a12991aec,delivered,2017-12-15 12:52:08,2017-12-15 12:58:24,2017-12-21 18:38:41,2017-12-29 18:27:32,2018-01-18 00:00:00
477d8df8acc3c2b3f1fbb4e41c4f7f32,17605eaa42786601c59faea89bce41ce,delivered,2018-06-28 12:49:38,2018-06-29 12:49:48,2018-06-29 14:42:00,2018-07-05 19:28:38,2018-07-27 00:00:00
6db0c63234f0e11e06c202b613a62f41,7b3924bba70acaea610883a7a9b3f768,delivered,2018-01-29 21:49:38,2018-01-29 22:13:19,2018-01-30 20:47:04,2018-02-01 02:44:46,2018-02-14 00:00:00
1c8e00e4aaed0f2b8d35db6abcd8e512,0df9b193d9b7e6d45c62568d24f672a8,delivered,2017-10-13 01:39:09,2017-10-14 18:33:53,2017-10-16 23:19:41,2017-10-24 13:00:02,2017-11-01 00:00:00
aa0c9cd6b1097927c4caae58b28e5361,71dd334c636c45c9b8da25979f0a6891,delivered,2017-11-18 21:28:57,2017-11-18 21:46:07,2017-11-24 16:57:56,2017-12-08 15:32:24,2017-12-22 00:00:00
833c7c18fb30f61e0d89316ff562c1a8,b661a09416cb2f21723aa3ad12b40a1b,delivered,2017-07-23 19:04:36,2017-07-23 19:15:10,2017-07-26 20:32:17,2017-07-31 20:23:09,2017-08-30 00:00:00
ca978d2459ea2c5ef6d5fde02be26b9c,f255d679c7c86c24ef4861320d5b7675,delivered,2018-03-06 09:16:56,2018-03-06 09:29:07,2018-03-06 18:51:58,2018-03-07 20:58:53,2018-03-19 00:00:00
ca2da77928f874f22b190d791d8fc780,b9f9d54696bfbb8181c2e0754ddd8b7e,delivered,2018-02-15 21:25:56,2018-02-16 21:26:56,2018-02-19 17:53:33,2018-02-20 19:04:43,2018-03-01 00:00:00
87c30aa444c21f77f5dcedb637f9ba85,499cec095230909d69db703a919b2d22,delivered,2018-06-11 14:07:58,2018-06-11 16:31:31,2018-06-15 14:21:00,2018-06-20 18:26:28,2018-07-05 00:00:00
884f74c6b1d625c13e1ef12d7314a2a9,b95c303652bfe9fa2d4851ec82983c2a,delivered,2018-04-26 12:44:27,2018-04-26 12:55:32,2018-04-26 13:43:00,2018-04-30 11:18:21,2018-05-22 00:00:00
18d4e6891576559aeaaef675e25d53ad,8ed3a953186a64ad090056ee27657038,delivered,2017-06-21 13:13:52,2017-06-21 13:30:18,2017-06-27 14:57:26,2017-06-29 17:32:54,2017-07-13 00:00:00
55101b36a58251926b6cbfdb540c0461,d5d8b3a49845e7291be73ad610ee09e4,delivered,2018-05-13 21:38:39,2018-05-13 21:52:33,2018-05-15 08:21:00,2018-05-30 15:03:42,2018-05-30 00:00:00
d2b465d6828555de4d5226daea422618,3dfc6e89a7989cc23be6f2db44ca2471,delivered,2017-02-22 06:47:45,2017-02-22 09:35:08,2017-02-22 12:18:54,2017-03-23 08:52:13,2017-04-25 00:00:00
869997fbe01f39d184956b5c6bccfdbe,55c9dad94ec1a2ba57998bdb376c230a,canceled,2018-09-26 08:40:15,,,,2018-10-25 00:00:00
a032ccc7ae1c571488bce168f110cdfe,0861d5de0f6df826e07bcd0e0d6a42d6,delivered,2018-04-22 14:10:33,2018-04-24 17:21:41,2018-04-24 21:44:29,2018-04-26 22:11:00,2018-05-14 00:00:00
aee7414ea78fbc7601f88ecb530038aa,b3e37f0c3d63bf5b5868aaf6feb3dba5,delivered,2018-02-07 17:47:48,2018-02-07 18:15:30,2018-02-08 18:50:50,2018-02-18 18:13:20,2018-03-06 00:00:00
225d8e0b99ff5a086559a0ec1b21f7c5,f695a13f1a3cf82bf4868a4b2144d88b,delivered,2018-01-06 20:27:22,2018-01-06 20:37:23,2018-01-08 21:14:21,2018-01-12 20:26:59,2018-01-24 00:00:00
7ebe19943d85e81a7b0eb108681276b7,fa3a8736d5ae8f7df9b0a4154d0b14dc,delivered,2018-07-22 10:28:14,2018-07-23 11:31:43,2018-07-23 10:09:00,2018-07-26 16:42:42,2018-08-15 00:00:00
03fa4271f18542d22ecbb7eb41802ada,8a59aa4c819f3517cb74c672f5564ab1,delivered,2018-04-19 22:44:24,2018-04-20 06:15:10,2018-04-20 20:18:32,2018-04-23 17:42:04,2018-05-08 00:00:00
e59e6aedb9b4f115de215d276a5166cf,0555bacaf4d4560a75e796a6e2c1e00d,delivered,2018-03-04 21:03:07,2018-03-04 21:40:27,2018-03-06 03:22:41,2018-03-16 01:41:53,2018-03-26 00:00:00
ccc9547a7a8d9cced273a483d286f737,c7b0b905d25e2a24f93a9c23bd4e569d,delivered,2018-06-05 08:57:43,2018-06-05 09:11:03,2018-06-08 13:22:00,2018-06-23 00:18:24,2018-07-18 00:00:00
9879f1f661af3ff5f2e4e9e65ee661fa,bc957b02880a599d6ac599b4d2a4bfde,delivered,2018-04-29 21:32:40,2018-05-01 05:32:45,2018-05-08 14:56:00,2018-05-16 18:33:12,2018-06-04 00:00:00
29583d296cc7341cdde689ee5b9f7ccd,0edde23ca18770904c4a9f6a53168de2,delivered,2018-01-18 15:18:27,2018-01-18 15:36:25,2018-01-23 14:53:18,2018-01-25 18:22:27,2018-02-08 00:00:00
2be4f7f37164c023bcab8f6468685f35,ac69761241fd49d49eaf17d92e602fd3,delivered,2018-03-14 09:25:14,2018-03-14 10:00:28,2018-03-14 19:36:45,2018-03-27 19:25:08,2018-04-05 00:00:00
24bf227d444a1df7957f78e6f03bc5b6,25c12681274a662fb98ea0eeef8405c2,delivered,2018-07-23 12:27:09,2018-07-23 15:32:00,2018-07-30 14:17:00,2018-08-09 00:22:36,2018-08-22 00:00:00
fa752aebeda0a3f9a2626bc507550c3f,1674724f5fe22d2cf3420bb5f2511c9a,delivered,2018-07-17 13:27:40,2018-07-17 13:41:32,2018-07-19 14:12:00,2018-07-26 17:51:54,2018-08-07 00:00:00
f6a592a6464704c725035dc88f616539,f5de3ded45b03e78f33c39028f77e21d,delivered,2017-07-18 16:13:22,2017-07-20 02:15:43,2017-07-21 21:42:20,2017-07-31 22:45:47,2017-08-14 00:00:00
3575f2d00b5591e5462a2fdf78ce6750,0ace2b9bd28eb550128cb036aef3c4db,delivered,2017-11-25 07:43:20,2017-11-25 07:50:39,2017-11-28 17:41:58,2017-12-10 19:09:33,2017-12-21 00:00:00
d3c64cf55752f7821e85e7ea9b9b3f30,a14b17e55f117e4bf24cdd9d0e586c35,delivered,2017-05-06 11:20:18,2017-05-06 11:30:19,2017-05-08 15:29:18,2017-05-19 16:59:52,2017-05-30 00:00:00
d949922726bdc62d5829069a73cc15ca,1f29abf411bfd452f339ac131885c3e1,delivered,2018-03-24 20:31:13,2018-03-24 20:47:23,2018-03-27 00:32:43,2018-04-05 23:44:48,2018-04-20 00:00:00
109e7f07a4c739fb54edf836bb9ef576,0fc669535f55400d3bca501dbc60a5df,delivered,2018-07-19 23:54:29,2018-07-20 00:10:13,2018-07-20 14:15:00,2018-07-31 00:28:50,2018-08-08 00:00:00
a1bec8f10a79152e439c5133f404c772,aa58d5e8a1d6cd547904e11ef30f1f9d,delivered,2017-08-13 11:04:18,2017-08-13 11:23:42,2017-08-14 20:53:48,2017-08-23 21:24:10,2017-09-05 00:00:00
5dc1a8731fb465da89c147b358e409b8,1a161546abf4f4e01b7eec53e9310f8b,delivered,2018-06-27 13:48:01,2018-06-28 13:50:32,2018-06-29 14:45:00,2018-07-07 17:32:45,2018-07-18 00:00:00
849463e6f473ab9f22655e71ed57b5e8,a6e1b2ca16f6fdb0eb443988df862f74,delivered,2017-09-04 18:13:42,2017-09-05 21:55:15,2017-09-08 19:45:38,2017-09-20 20:58:53,2017-10-03 00:00:00
cfd2f4ec78bb56b1fa91abad6d3ee54e,49e9ce9506327183790c2ef50cb92f0b,delivered,2017-12-28 23:06:03,2017-12-28 23:17:21,2018-01-02 23:44:15,2018-01-08 12:23:23,2018-01-24 00:00:00
d355c1d4bd77e3cd62085deff064434a,8e80b162ca67be702f8eea30f9759c94,delivered,2017-10-25 21:55:29,2017-10-27 03:10:09,2017-10-27 21:03:33,2017-11-13 19:08:41,2017-11-21 00:00:00
fa3bee504523342f3e1b29cfc38a91d3,08ba9d78fcb65b8297408608a3bc78b1,delivered,2018-06-22 19:23:05,2018-06-22 19:38:37,2018-06-25 15:21:00,2018-06-26 16:08:27,2018-07-05 00:00:00
d579ba069db1e48f36231244a9a83736,44d7a0bb55a00642fc8e3c525e47aa70,delivered,2017-07-05 10:55:06,2017-07-05 17:39:38,2017-07-11 20:29:24,2017-07-14 16:15:46,2017-07-26 00:00:00
af6dbf659dbbf1932943adf2a2f6da6b,ee7c4ced04927410df4a3977fbe5e229,delivered,2017-12-05 14:19:09,2017-12-05 15:30:57,2017-12-06 21:21:58,2017-12-18 16:04:32,2018-01-12 00:00:00
93d3acc57bd28d53e25e2624c13c470d,d472dbf6ecbea44dbc6078d5bb5c0c6d,delivered,2018-05-21 11:06:07,2018-05-23 02:55:12,2018-05-23 11:20:00,2018-06-01 20:51:58,2018-06-05 00:00:00
f232ff45f991fa2386608fdab459e65f,54d0b980a4148a4392bef1bbe34b91dc,delivered,2017-12-08 20:01:16,2017-12-08 20:12:21,2017-12-11 23:58:51,2017-12-17 16:13:43,2018-01-04 00:00:00
ab96ffdb4db7fa3807bfb7a512f2f519,9c30cbe98d8f27539ba2320a78963c2e,delivered,2017-08-20 18:12:56,2017-08-20 22:34:58,2017-08-21 20:35:38,2017-08-22 19:47:44,2017-09-01 00:00:00
186f1bcd133540f30b81866e159ea4c1,846741fb0413457474edce5effc2d9d7,delivered,2018-03-23 20:55:24,2018-03-24 20:50:39,2018-03-26 20:33:04,2018-04-12 21:22:42,2018-04-17 00:00:00
694c72bb2f8ede1323820186544f9c09,905e35fa8c58f52fd1443aa882e99587,delivered,2017-08-18 11:19:19,2017-08-18 11:35:16,2017-08-21 19:25:58,2017-08-30 18:05:04,2017-09-12 00:00:00
f1b5a776430ea0b0ac4ada8349125900,995c452b5846644306763c4476249918,delivered,2018-08-18 12:25:09,2018-08-21 04:50:15,2018-08-22 15:19:00,2018-08-23 14:28:43,2018-08-27 00:00:00
5ab86968467c65a96b9a6437e9e83164,f778f02c91c3d2b58136d23ff663cc23,delivered,2018-05-17 20:48:34,2018-05-19 03:15:28,2018-05-24 13:27:00,2018-06-08 20:29:40,2018-06-06 00:00:00
20efd9f000215e0bbefcf087e8cf3d61,e007ccb7fb0cf68447eb8258465d68c6,delivered,2017-06-06 23:09:17,2017-06-07 14:25:18,2017-06-08 13:03:35,2017-06-16 14:09:49,2017-06-30 00:00:00
632984d58b2a50f588c4a3c559c1f8f3,422fc5a15f629ad7a487384d91beec05,delivered,2017-06-28 18:13:18,2017-06-28 18:25:09,2017-06-30 15:36:04,2017-07-12 18:57:37,2017-07-24 00:00:00
f62bd55133b35f243bfa088d581b4e4b,9b36a43eca86ec3b4e78f95ae56e8fb5,delivered,2018-06-21 21:30:51,2018-06-21 21:58:56,2018-06-22 11:21:00,2018-07-03 20:18:53,2018-07-16 00:00:00
